year,country,dwellings,population,new_dwellings,new_by_pop,rolling
2001,Australia,7790065,19274701,60621,3.1451071536725785,73.14555167352388
2002,Australia,7917364,19495210,127299,6.529757822562568,68.0399157711188
2003,Australia,8044663,19720737,127299,6.455083296329137,62.962647822115414
2004,Australia,8171962,19932722,127299,6.386433323055426,57.92726398203866
2005,Australia,8299261,20176844,127299,6.3091631178790895,52.9411128623682
2006,Australia,8426560,20450966,127299,6.224595943291872,48.006674509089926
2007,Australia,8569106.6,20827622,142546.59999999963,6.844113072534139,51.56028775795221
2008,Australia,8711653.2,21249199,142546.59999999963,6.708328158628456,55.01075073644767
2009,Australia,8854199.8,21691653,142546.6000000015,6.571495496447481,58.35982707058698
2010,Australia,8996746.4,22031750,142546.59999999963,6.470053445595544,61.6441308299963
2011,Australia,9139293,22340024,142546.59999999963,6.380772017075704,64.87979569339942
2012,Australia,9097600,22733465,-41693,-1.8339923104550935,56.516045560381755
2013,Australia,9226900,23128129,129300,5.590594898532433,55.65155716258506
2014,Australia,9366800,23475686,139900,5.959357268622523,55.224481108152155
2015,Australia,9562100,23815995,195300,8.200371221105815,57.11568921137888
2016,Australia,9774500,24190907,212400,8.78015859430157,59.67125186238857
2017,Australia,9974800,24601860,200300,8.141660833774358,60.96879962362879
2018,Australia,10161400,24982688,186600,7.469172252401343,61.72964371740167
2019,Australia,10350200,25365745,188800,7.44310880677859,62.601257027732785
2020,Australia,10518300,25697298,168100,6.541543784097456,62.672747366234695
2021,Australia,10675900,25739256,157600,6.122943102939727,62.414918452098725
1991,Austria,3393271,7754891,34101,4.397353876411674,44.87596403824467
1992,Austria,3440300,7840709,47029,5.99805451267226,46.37264941857979
1993,Austria,3487300,7905632,47000,5.945128738600531,47.80436818536103
1994,Austria,3534300,7936118,47000,5.922290974000134,49.212965063770305
1995,Austria,3581300,7948278,47000,5.9132305135779095,50.61461961102759
1996,Austria,3628300,7959016,47000,5.905252609116504,52.011163000315925
1997,Austria,3675300,7968041,47000,5.8985640259632195,53.40387020453337
1998,Austria,3722300,7976789,47000,5.892095177646043,54.79648302699241
1999,Austria,3769300,7992323,47000,5.880643212242548,56.19786849673361
2000,Austria,3816300,8011566,47000,5.86651848090623,57.61913212113704
2001,Austria,3863262,8042293,46962,5.839379390927438,59.06115763565281
2002,Austria,3921110,8082121,57848,7.157527089733004,60.22063021271355
2003,Austria,3978920,8118245,57810,7.120997210604016,61.396498684717045
2004,Austria,4036730,8169441,57810,7.0763715656921935,62.5505792764091
2005,Austria,4094540,8225278,57810,7.028333875158991,63.66568263799019
2006,Austria,4152350,8267948,57810,6.992061391774598,64.75249142064828
2007,Austria,4210160,8295189,57810,6.96909979989606,65.82302719458112
2008,Austria,4267970,8321541,57810,6.947030604067203,66.8779626210023
2009,Austria,4325780,8341483,57810,6.930422324183842,67.92774173294357
2010,Austria,4383590,8361069,57810,6.914187647536457,68.9754108995738
2011,Austria,4441408,8388534,57818,6.892503505380082,70.02853501402645
2012,Austria,4474092.666666667,8426311,32684.666666666977,3.878882071486203,66.74988999577965
2013,Austria,4506777.333333333,8477230,32684.666666666046,3.8555833293028554,63.48447611447849
2014,Austria,4539462,8543932,32684.666666666977,3.825483005560786,60.23358755434708
2015,Austria,4589318,8629519,49856,5.777378785538336,58.98263246472642
2016,Austria,4642928,8739806,53610,6.134003432112795,58.124574505064615
2017,Austria,4700145,8795073,57217,6.505574200464283,57.66104890563284
2018,Austria,4756560,8837707,56415,6.383443126141204,57.09746142770685
2019,Austria,4821044,8877637,64484,7.263644593713395,57.43068369723639
2020,Austria,4875111,8916845,54067,6.063467515696415,56.57996356539635
2021,Austria,4937709,8951520,62598,6.99300230575366,56.680462365769934
2005,Belgium,4858339,10445852,38727,3.7074046233854356,41.589854389159235
2006,Belgium,4902629,10511382,44290,4.213527773988234,40.86992063251636
2007,Belgium,4948491,10584534,45862,4.332925757525083,40.279386965627374
2008,Belgium,4994087,10665140,45596,4.275236893280351,39.64112606620269
2009,Belgium,5041026,10753080,46939,4.365167933280512,39.77446009690014
2010,Belgium,5085306,10839905,44280,4.08490664816712,39.637334401142454
2011,Belgium,5129393,10951266,44087,4.025744603409323,39.45080292045997
2012,Belgium,5177640,11035948,48247,4.371803854095725,40.66646051459241
2013,Belgium,5227360,11099554,49720,4.479459264759647,41.46818960110681
2014,Belgium,5272880,11150516,45520,4.082322288941606,41.93849964083304
2015,Belgium,5314909,11209044,42029,3.749561514791092,41.98065653223869
2016,Belgium,5356734,11267910,41825,3.7118684831525988,41.47899724140305
2017,Belgium,5404921,11322088,48187,4.256017088014154,41.40208857189213
2018,Belgium,5455466,11376070,50545,4.443098539302237,41.56995021791401
2019,Belgium,5514939,11431406,59473,5.202597125847862,42.40737941048136
2020,Belgium,5576120,11492641,61181,5.323493529468118,43.64596629178236
2021,Belgium,5631637,11521238,55517,4.818666188477315,44.43888787685035
2000,Canada,12204080,30685730,145497,4.741519918216056,60.937427014881905
2001,Canada,12345151,31020902,141071,4.547611155858718,55.23737629600321
2002,Canada,12521725,31360079,176574,5.630534285324983,53.290419497392
2003,Canada,12713298,31644028,191573,6.054001721904682,52.10681591775054
2004,Canada,12927076,31940655,213778,6.692974830979515,52.79937620648321
2005,Canada,13142172,32243753,215096,6.670935607278719,52.748930691296884
2006,Canada,13351153,32571174,208981,6.416133480481851,53.56882033460064
2007,Canada,13556616,32889025,205463,6.247159956854908,55.57458322890464
2008,Canada,13762862,33247118,206246,6.2034249103937364,57.45934613062743
2009,Canada,13935947,33628895,173085,5.146913093635696,58.35120896092887
2010,Canada,14112011,34004889,176064,5.177608431540535,58.78729747425334
2011,Canada,14278617,34339328,166606,4.851754815935827,59.09144113433045
2012,Canada,14447488,34714222,168871,4.864605636272073,58.32551248527754
2013,Canada,14621584,35082954,174096,4.9624099498577,57.23392071323056
2014,Canada,14790816,35437435,169232,4.775514932161427,55.31646081441247
2015,Canada,14970958,35702908,180142,5.0455834017778045,53.69110860891156
2016,Canada,15412443,36109487,441485,12.226288343559132,59.50126347198884
2017,Canada,15586801.4,36545236,174358.40000000037,4.771029526256182,58.02513304139012
2018,Canada,15761159.8,37065084,174358.40000000037,4.704114524602194,56.52582265559858
2019,Canada,15935518.2,37601230,174358.3999999985,4.6370397989639836,56.01594936092686
2020,Canada,16109876.6,38037204,174358.40000000037,4.583891076746871,55.4222320061332
2021,Canada,16284235,38246108,174358.40000000037,4.5588534132675775,55.12933060346494
2002,Chile,4399952,15116435,103010.29999999981,6.814457244714101,72.02110288333402
2003,Chile,4539926.8,15280272.866666667,139974.7999999998,9.160490864358156,73.56542049414786
2004,Chile,4679901.6,15444110.733333332,139974.7999999998,9.063312379513663,75.11083465731397
2005,Chile,4819876.4,15607948.6,139974.80000000075,8.968174075099194,76.65688168452886
2006,Chile,4959851.2,15771786.466666667,139974.7999999998,8.875012370718661,78.20312879442425
2007,Chile,5099826,15935624.333333334,139974.7999999998,8.783766300715788,79.7491720322002
2008,Chile,5239800.8,16099462.2,139974.7999999998,8.694377381127664,81.29463434425969
2009,Chile,5379775.6,16263300.066666666,139974.7999999998,8.606789484681082,82.8391637949389
2010,Chile,5519750.4,16427137.933333334,139974.80000000075,8.52094872326902,84.38243191362024
2011,Chile,5659725.2,16590975.8,139974.7999999998,8.436803337390186,85.92413216158751
2012,Chile,5799700,16754813.666666666,139974.7999999998,8.354303592076146,87.46397850894957
2013,Chile,5939674.8,16918651.53333333,139974.7999999998,8.273401678864285,86.5768893234557
2014,Chile,6079649.6,17082489.4,139974.7999999998,8.194051623412676,85.70762856735472
2015,Chile,6219624.4,17246327.266666666,139974.80000000075,8.11620919838052,84.85566369063604
2016,Chile,6359599.2,17410165.133333333,139974.7999999998,8.039831841227366,84.02048316114474
2017,Chile,6499574,17574003,139974.7999999998,7.964878576611135,83.2015954370401
2020,Denmark,3113345,5822763,30734,5.278250205271965,30.786953032842597
2021,Denmark,3148251.3333333335,5840045,34906.33333333349,5.977065815988317,34.36662776278811
1971,UK,35324000,102340000,487000,4.758647645104554,48.88303085204661
1972,UK,35738500,102549580,414500,4.041947319530709,47.90281175729994
1973,UK,36153000,102716660,414500,4.035372645489057,46.94673030517252
1974,UK,36567500,102770240,414500,4.033268775085084,46.01888394920007
1975,UK,36982000,102801220,414500,4.032053316098778,45.119794517438436
1976,UK,37396500,102832500,414500,4.030826830039141,44.249091003650676
1977,UK,37811000,102847180,414500,4.030251485748077,43.40707101694921
1978,UK,38225500,102876160,414500,4.029116172298811,42.592827349015174
1979,UK,38640000,102979140,414500,4.025087022478533,41.803125069313296
1980,UK,39054500,103109620,414500,4.019993478785006,41.03656469065775
1981,UK,39469000,103178300,414500,4.017317594881869,40.295234640435055
1982,UK,39893000,103068000,424000,4.1137889548647495,40.36707627576911
1983,UK,40246000,103129400,353000,3.4228842599685443,39.75458789024859
1984,UK,40615000,103321700,369000,3.571369809052696,39.29268892421621
1985,UK,40979000,103611400,364000,3.513126933908817,38.77376254202624
1986,UK,41361000,103871400,382000,3.677624447152922,38.42056015914003
1987,UK,41883000,104104400,522000,5.01419728657002,39.404505959961966
1988,UK,42330000,104328700,447000,4.284535319619625,39.65992510728279
1989,UK,42742000,104629200,412000,3.9377152840698395,39.57255336887409
1990,UK,43146000,104936600,404000,3.8499436802793303,39.40250357036842
1991,UK,43223000,105313700,77000,0.7311489388370174,36.11633491432356
1992,UK,43606000,105582500,383000,3.62749508678048,35.63004104623929
1993,UK,43943000,105816200,337000,3.184767549770262,35.39192433604101
1994,UK,44285000,106090900,342000,3.223650661838103,35.04420518882641
1995,UK,44641000,106408300,356000,3.3456036794122266,34.876681934329824
1996,UK,45007000,106683500,366000,3.4307085913004354,34.62976607847734
1997,UK,45353000,106979000,346000,3.2342796249731256,32.84984841688045
1998,UK,45700000,107295500,347000,3.234059210311709,31.79937230757253
1999,UK,46032000,107717300,332000,3.082141865791289,30.94379888929398
2000,UK,46394000,108119400,362000,3.3481502857026584,30.442005494717307
2001,UK,46675000,108562700,281000,2.5883659857391166,32.29922254161941
2002,UK,46989516,109045000,314516,2.8842771332935944,31.55600458813252
2003,UK,47348391,109562200,358875,3.2755366358105262,31.646773674172785
2004,UK,47726360,110145000,377969,3.4315584002905264,31.854681412625208
2005,UK,48143913,111019300,417553,3.7610847843573145,32.27016251757029
2006,UK,48588566,111792300,444653,3.9774921886391104,32.81694611490897
2007,UK,49059502,112700200,470936,4.178661617281957,33.76132810721781
2008,UK,49558036,113639700,498534,4.386970398549098,34.91423929545519
2009,UK,49959802,114456900,401766,3.5101946671629234,35.342292096826824
2010,UK,50286672,115402000,326870,2.832446578048907,34.826588389173075
2011,UK,50590066,116392300,303394,2.606650096269255,34.844872499703214
2012,UK,50877962,117198700,287896,2.4564777595655927,34.417073125975215
2013,UK,51149684,117971500,271722,2.303285115472805,33.44482160563749
2014,UK,51445289,118913400,295605,2.485884685830192,32.49914789117715
2015,UK,51811982,119896300,366693,3.058417982873533,31.796481089693376
2016,UK,52222627,120916200,410645,3.396112348882945,31.21510124993721
2017,UK,52686972,121659600,464345,3.8167559321253726,30.853195564780624
2018,UK,53165253,122412800,478281,3.9071159225179066,30.37334108874943
2019,UK,53685130,123083800,519877,4.223764622151737,31.086911043738244
2020,UK,54204832,123631100,519702,4.203651023083998,32.45811548877334
1970,Finland,1463221,4598336,25202.100000000093,5.48069997494748,55.64036742873637
1971,Finland,1500704.7,4617280.2,37483.69999999995,8.118134134462958,58.10962199010066
1972,Finland,1538188.4,4636224.4,37483.69999999995,8.084962410361317,60.5648994185309
1973,Finland,1575672.1,4655168.6,37483.700000000186,8.052060670799376,63.00633969591695
1974,Finland,1613155.8,4674112.8,37483.69999999995,8.019425633031355,65.43408083768401
1975,Finland,1650639.5,4693057,37483.69999999995,7.98705406731688,67.84825892808746
1976,Finland,1688123.2,4712001.2,37483.69999999995,7.954942795854965,70.24900815473947
1977,Finland,1725606.9,4730945.4,37483.69999999995,7.92308869174435,72.63646084238624
1978,Finland,1763090.6,4749889.6,37483.700000000186,7.891488677968471,75.01074748595525
1979,Finland,1800574.3,4768833.8,37483.69999999995,7.8601397264043795,77.37199678289153
1980,Finland,1838058,4787778,37483.69999999995,7.829038856855926,79.72033566479999
1981,Finland,1875207.8,4812150,37149.80000000005,7.720000415614652,79.32220194595166
1982,Finland,1912357.6,4841715,37149.80000000005,7.672859720161151,78.9100992557515
1983,Finland,1949507.4,4869858,37149.799999999814,7.628518121062219,78.48655670601434
1984,Finland,1986657.2,4893748,37149.80000000005,7.591277687367647,78.05840876035063
1985,Finland,2023807,4910664,37149.80000000005,7.565127648725315,77.63648234175906
1986,Finland,2060956.8,4925644,37149.80000000005,7.542120380604048,77.22365992650815
1987,Finland,2098106.6,4938602,37149.80000000005,7.522331218429841,76.82290245319366
1988,Finland,2135256.4,4954359,37149.799999999814,7.498406958397608,76.42982073362278
1989,Finland,2172406.2,4974383,37149.80000000028,7.468222692140971,76.03790369935938
1990,Finland,2209556,4998478,37149.799999999814,7.432222368488931,75.64108721099238
1991,Finland,2249700,5029002,40144,7.9824983167634445,75.90358511214117
1992,Finland,2297400,5054982,47700,9.436235381253583,77.6669607732336
1993,Finland,2331400,5077912,34000,6.695665462497184,76.73410811466859
1994,Finland,2352200,5098754,20800,4.079428032809584,73.22225846011051
1995,Finland,2374000,5116826,21800,4.260453648414075,69.91758445979926
1996,Finland,2390800,5132320,16800,3.2733734451476137,65.64883752434284
1997,Finland,2416400,5147349,25600,4.973433897720943,63.099940203633935
1998,Finland,2449115,5159646,32715,6.340551270377852,61.94208451561418
1999,Finland,2478351,5171302,29236,5.65350853614815,60.12737035962136
2000,Finland,2512442,5181115,34091,6.579857810529201,59.27500580166163
2001,Finland,2544016,5194901,31574,6.077882908644457,57.370390393542635
2002,Finland,2574400,5206295,30384,5.836011981649138,53.77016699393819
2003,Finland,2603900,5219732,29500,5.651631156542137,52.726132687983146
2004,Finland,2635000,5236611,31100,5.938955557325148,54.58566021249871
2005,Finland,2667000,5255580,32000,6.088766606159549,56.41397317024419
2006,Finland,2700000,5276955,33000,6.253606483284394,59.39420620838097
2007,Finland,2732000,5300484,32000,6.037184528809067,60.4579568394691
2008,Finland,2768000,5326314,36000,6.758895551407597,60.87630112049884
2009,Finland,2784000,5351427,16000,2.9898567241971157,58.2126493085478
2010,Finland,2807505,5375276,23505,4.37279871768445,56.00559021570305
2011,Finland,2836000,5401267,28495,5.275614036484403,55.203321343543
2012,Finland,2866000,5426674,30000,5.528248057650045,54.89555741954391
2013,Finland,2905731,5451270,39731,7.288393346871462,56.53231960987324
2014,Finland,2918000,5471753,12269,2.2422430252242744,52.83560707777236
2015,Finland,2934440,5487308,16440,2.996004598247447,49.74284506986025
2016,Finland,2968200,5503297,33760,6.134504461598202,49.62374304817407
2017,Finland,3002665,5513130,34465,6.251439744754794,49.83799826411979
2018,Finland,3042369,5517919,39704,7.195466261828055,50.27456897454025
2019,Finland,3075628,5525292,33259,6.01941037686334,53.30412262720647
2020,Finland,3124286,5533793,48658,8.792884012828091,57.72420792235011
2021,Finland,3157671,5548241,33385,6.017222395350166,58.46581628121588
1978,France,22181327.42857143,53338762.28571428,367668.1428571418,6.893076012669576,75.64109427436843
1979,France,22548995.57142857,53587821.71428572,367668.1428571418,6.8610391520938965,74.47341454599264
1980,France,22916663.714285713,53836881.14285714,367668.1428571418,6.829298708473244,73.33935421916462
1981,France,23284331.85714286,54085940.571428575,367668.1428571455,6.797850586911487,72.2381500518685
1982,France,23652000,54335000,367668.1428571418,6.766690767592562,71.16906014854143
1983,France,24003000,54649984,351000,6.422691724850276,69.81823964791259
1984,France,24368000,54894854,365000,6.649074975224454,68.75508899068394
1985,France,24713000,55157303,345000,6.254838094603719,67.35802923464621
1986,France,25038000,55411238,325000,5.865236217967193,66.26520970232441
1987,France,25361000,55681780,323000,5.800820304235963,65.14061654462238
1988,France,25660000,55966142,299000,5.3425158375219075,63.5900563694747
1989,France,25930000,56269810,270000,4.798310141797173,61.52732735917798
1990,France,26197000,56577000,267000,4.7192321968291004,59.41726084753384
1991,France,26499000,56840661,302000,5.313097959926962,57.93250822054932
1992,France,26773000,57110533,274000,4.797713934835803,55.96353138779255
1993,France,27044000,57369161,271000,4.723792282756235,54.26463194569852
1994,France,27310000,57565008,266000,4.620862729663827,52.236419700137894
1995,France,27593000,57752535,283000,4.90021779996324,50.881799405497404
1996,France,27869000,57935959,276000,4.763880753229613,49.780443940759824
1997,France,28135000,58116018,266000,4.577051373340823,48.55667500986469
1998,France,28400000,58298962,265000,4.545535476257708,47.75969464860049
1999,France,28657000,58496613,257000,4.393416760727668,47.35480126753098
2000,France,28988000,58858198,331000,5.623685590918023,48.259254661619906
2001,France,29329000,59266572,341000,5.753664983356891,48.699821685049834
2002,France,29660000,59685899,331000,5.5456984906937565,49.44780624090779
2003,France,29994000,60101841,334000,5.5572340953748816,50.28124805352643
2004,France,30339000,60505421,345000,5.701968423622736,51.362353747485344
2005,France,30687000,60963264,348000,5.708355773076717,52.17049172059882
2006,France,31060000,61399733,373000,6.074944983881282,53.481555951250485
2007,France,31449000,61795238,389000,6.294983441928001,55.199488019837666
2008,France,31819000,62134866,370000,5.9547887332693366,56.608741276849294
2009,France,32174000,62465709,355000,5.683118076831562,57.89844259295319
2010,France,32520000,62765235,346000,5.5126058239087286,57.787362825943895
2011,France,32860000,63070344,340000,5.390806176671559,57.42450401925856
2012,France,33212000,63375971,352000,5.554155533175185,57.43296106173999
2013,France,33575000,63697865,363000,5.69877813016182,57.57450509652692
2014,France,33943000,64027958,368000,5.747489245245022,57.62002591814921
2015,France,34307000,64300821,364000,5.660891950353169,57.57256209542566
2016,France,34646000,64468792,339000,5.258358183599904,56.75597529514428
2017,France,34981000,64639133,335000,5.182619018110902,55.64361087132718
2018,France,35310000,64844037,329000,5.073712483385327,54.76253462144317
2019,France,35631000,65096768,321000,4.93112038987865,54.01053693449026
2020,France,35946000,65284389,315000,4.825043242726833,53.32297435330837
2021,France,36231000,65447454,285000,4.354638455454661,52.28680663209147
2022,France,36537000,65627454,306000,4.66268278516488,51.395333884081175
1971,Germany,27241707.375,78051410.5,377675.375,4.838802688902079,64.51414219130118
1972,Germany,27619382.75,78033339,377675.375,4.8399232922738324,62.5504536121539
1973,Germany,27997058.125,78015267.5,377675.375,4.841044414799962,60.63245608372512
1974,Germany,28374733.5,77997196,377675.375,4.842166056841325,58.75956997781867
1975,Germany,28752408.875,77979124.5,377675.375,4.8432882187591115,56.93122692065728
1976,Germany,29130084.25,77961053,377675.375,4.844410900914845,55.14686950366899
1977,Germany,29507759.625,77942981.5,377675.375,4.845534103670386,53.405951003504505
1978,Germany,29885435,77924910,377675.375,4.846657827387931,51.70793511093502
1979,Germany,30263110.375,77906838.5,377675.375,4.847782072430009,50.052295668293446
1980,Germany,30640785.75,77888767,377675.375,4.84890683915949,48.43851641513897
1981,Germany,31018461.125,77870695.5,377675.375,4.850032127939579,48.44974585417647
1982,Germany,31396136.5,77852624,377675.375,4.8511579391338175,48.46098050103645
1983,Germany,31773811.875,77834552.5,377675.375,4.852284273106086,48.47222035934258
1984,Germany,32151487.25,77816481,377675.375,4.853411130220602,48.48346543272186
1985,Germany,32529162.625,77798409.5,377675.375,4.8545385108419215,48.494715724804664
1986,Germany,32906838,77780338,377675.375,4.85566641533494,48.505971239224756
1987,Germany,33147321,77899502,240483,3.0870929059341097,46.747530041488474
1988,Germany,33377087,78389735,229766,2.9310725441283862,44.83194475822893
1989,Germany,33600808,79112831,223721,2.8278725103390627,42.812035196137984
1990,Germany,33856321,79753227,255513,3.203795126684968,41.16692348366347
1991,Germany,34173581,80274564,317260,3.9521859003805986,40.269077256104495
1992,Germany,34547348,80974632,373767,4.615853024191576,40.03377234116225
1993,Germany,34988753,81338093,441405,5.426793077137916,40.608281145194084
1994,Germany,35370790,81538603,382037,4.685351305319763,40.44022132029324
1995,Germany,35954317,81817499,583527,7.132056187637806,42.71773899708912
1996,Germany,36492323,82012162,538006,6.560075809243999,44.42214839099818
1997,Germany,37050369,82057379,558046,6.800680289825001,48.13573577488908
1998,Germany,37529144,82037011,478775,5.836085373710166,51.04074860447086
1999,Germany,37984298,82163475,455154,5.5396147740830095,53.75249086821481
2000,Germany,38383645,82259540,399347,4.854719586323969,55.40341532785379
2001,Germany,38681801,82440309,298156,3.6166288508210225,55.06785827829422
2002,Germany,38924836,82536680,243035,2.9445696143823574,53.39657486848501
2003,Germany,39141543,82531671,216707,2.6257435160860854,50.59552530743318
2004,Germany,39362266,82500849,220723,2.675402770703608,48.58557677281702
2005,Germany,39551203,82437995,188937,2.2918679669489777,43.74538855212819
2006,Germany,39753733,82314906,202530,2.460429220437912,39.6457419633221
2007,Germany,39918193,82217837,164460,2.000295872536759,34.84535754603387
2008,Germany,40057282,82002356,139089,1.6961585835411852,30.70543075586489
2009,Germany,40183563,81802257,126281,1.5437349118619061,26.709550893643783
2010,Germany,40479270,81751602,295707,3.6171401265017415,25.47197143382155
2011,Germany,40630302,80327900,151032,1.8801935566596415,23.735536139660177
2012,Germany,40805805,80523746,175503,2.1795185733162485,22.970485098594065
2013,Germany,40995141,80767463,189336,2.344211306971472,22.688952889479452
2014,Germany,41221210,81197537,226069,2.7841854365607173,22.79773555533656
2015,Germany,41446269,82175684,225059,2.738754203737446,23.244621792125027
2016,Germany,41703347,82521653,257078,3.115279331595551,23.89947190328267
2017,Germany,41968066,82792351,264719,3.1973847439119107,25.09656077465782
2018,Germany,42235402,83019213,267336,3.2201702514332435,26.62057244254988
2019,Germany,42512771,83166711,277369,3.335096418565837,28.41193394925381
2020,Germany,42803737,83155031,290966,3.4990787268181043,28.29387254957017
2021,Germany,43084056,83237124,280319,3.3677160686138077,29.781395061524336
2001,Ireland,1426535.5,3868683.6666666665,33517.5,8.663799599019512,71.97385608082664
2002,Ireland,1460053,3917203,33517.5,8.556487881787081,74.96323888150997
2003,Ireland,1537443,3997864.25,77390,19.357835874492235,88.78530900012498
2004,Ireland,1614833,4078525.5,77390,18.97499476220021,102.25552646517151
2005,Ireland,1692223,4159186.75,77390,18.607002919501028,115.38839553924645
2006,Ireland,1769613,4239848,77390,18.253012843856666,128.1975787121658
2007,Ireland,1814659.4,4309528.8,45046.39999999991,10.45274369671225,129.52893716117035
2008,Ireland,1859705.8,4379209.6,45046.40000000014,10.286422463085607,130.81284319025966
2009,Ireland,1904752.2,4448890.4,45046.39999999991,10.125311246148007,132.05144850305498
2010,Ireland,1949798.6,4518571.2,45046.40000000014,9.969169015196693,133.24678030199928
2011,Ireland,1994845,4588252,45046.39999999991,9.817769381455053,134.40075008443483
2012,Ireland,1996605,4622974.6,1760,0.3807072615108031,126.22496946415856
2013,Ireland,1998365,4657697.2,1760,0.3778691324116132,107.24500272207793
2014,Ireland,2000125,4692419.8,1760,0.3750730060426392,88.64508096592037
2015,Ireland,2001885,4727142.4,1760,0.37231795682736357,70.4103960032467
2016,Ireland,2003645,4761865,1760,0.36960308618576965,52.52698624557579
2017,Ireland,2023802.5,4822143.5,20157.5,4.180194969311884,46.25443751817543
2018,Ireland,2043960,4882422,20157.5,4.1285861812026905,40.096601236292514
2019,Ireland,2064117.5,4942700.5,20157.5,4.078236178785262,34.04952616892977
2020,Ireland,2084275,5002979,20157.5,4.029099462540218,28.10945661627329
2021,Ireland,2104432.5,5063257.5,20157.5,3.9811326996503733,22.272819934468615
2022,Ireland,2124590,5123536,20157.5,3.9342945965442615,25.826407269502077
1971,Italy,17433972,54136547,322030.5,5.948486149292086,61.296726817549136
1972,Italy,17884297.1,54378583.4,450325.1000000015,8.281295168862409,63.26058517459039
1973,Italy,18334622.2,54620619.8,450325.09999999776,8.244598864841109,65.23098641508767
1974,Italy,18784947.3,54862656.2,450325.1000000015,8.208226345409821,67.2076664529915
1975,Italy,19235272.4,55104692.6,450325.09999999776,8.172173344090076,69.19036884366838
1976,Italy,19685597.5,55346729,450325.1000000015,8.136435669034777,71.17884453908114
1977,Italy,20135922.6,55588765.4,450325.1000000015,8.101009201402439,73.17285165198427
1978,Italy,20586247.7,55830801.8,450325.09999999776,8.065889893775408,75.17215522875611
1979,Italy,21036572.8,56072838.2,450325.1000000015,8.031073768618358,77.17652703050477
1980,Italy,21486897.9,56314874.6,450325.09999999776,7.996556916775905,79.18574532210238
1981,Italy,21937223,56556911,450325.1000000015,7.962335496010407,81.19959466882071
1982,Italy,22246352.9,56579023,309129.8999999985,5.46368395226617,78.38198345222446
1983,Italy,22555482.8,56601135,309129.90000000224,5.461549490129522,75.59893407751288
1984,Italy,22864612.7,56623247,309129.8999999985,5.459416695054569,72.85012442715764
1985,Italy,23173742.6,56645359,309129.90000000224,5.457285565089317,70.13523664815688
1986,Italy,23482872.5,56667471,309129.8999999985,5.455156098284297,67.4539570774064
1987,Italy,23792002.4,56689583,309129.8999999985,5.453028292693537,64.80597616869748
1988,Italy,24101132.3,56711695,309129.90000000224,5.450902146373905,62.19098842129599
1989,Italy,24410262.2,56733807,309129.8999999985,5.448777657385103,59.60869231006273
1990,Italy,24719392.1,56755919,309129.90000000224,5.446654823790312,57.05879021707714
1991,Italy,25028522,56778031,309129.8999999985,5.444533643655211,54.54098836472195
1992,Italy,25254869.1,56799802.3,226347.1000000015,3.9849980252484345,53.06230243770421
1993,Italy,25481216.2,56821573.6,226347.09999999776,3.9834711652547012,51.58422411282939
1994,Italy,25707563.3,56843344.9,226347.1000000015,3.981945474851912,50.10675289262673
1995,Italy,25933910.4,56865116.2,226347.09999999776,3.98042095269644,48.62988828023386
1996,Italy,26160257.5,56886887.5,226347.1000000015,3.9788975974472414,47.1536297793968
1997,Italy,26386604.6,56908658.8,226347.1000000015,3.9773754077648635,45.677976894468124
1998,Italy,26612951.7,56930430.1,226347.09999999776,3.975854382312101,44.20292913040632
1999,Italy,26839298.8,56952201.4,226347.1000000015,3.9743345197539894,42.728485992775205
2000,Italy,27065645.9,56973972.7,226347.09999999776,3.9728158187571454,41.25464698774204
2001,Italy,27291993,56995744,226347.1000000015,3.9712982779907473,39.78141162207758
2002,Italy,27676324,56993270,384331,6.743445322579315,42.53985891940845
2003,Italy,28122168,57186378,445844,7.796332196454198,46.35271995060795
2004,Italy,28598037,57611990,475869,8.259895205841701,50.63066968159774
2005,Italy,28982907,58044368,384870,6.630617461456381,53.280866190357685
2006,Italy,29343196,58288996,360289,6.181080902474285,55.483049495384726
2007,Italy,29811817,58510725,468621,8.009147040991204,59.51482112861107
2008,Italy,30257478,59001769,445661,7.553349798715357,63.09231654501433
2009,Italy,30611065,59420592,353587,5.9505802298300905,65.06856225509043
2010,Italy,30973389,59690316,362324,6.070063358351127,67.1658097946844
2011,Italy,31208161,59948497,234772,3.916228291761844,67.1107398084555
2012,Italy,31412051,60105185,203890,3.392219822632607,63.7595143085088
2013,Italy,31595627,60277309,183576,3.0455241457444626,59.00870625779906
2014,Italy,31765687,60345917,170060,2.8180862675431713,53.566897319500534
2015,Italy,31933971,60295497,168284,2.7909878576836342,49.727267715727784
2016,Italy,32101053,60163712,167082,2.777122528609937,46.323309341863435
2017,Italy,32268314,60066734,167261,2.7845862237157757,41.098748524588004
2018,Italy,32438520,59937769,170206,2.8397119685919576,36.38511069446461
1973,Japan,31058900,108255300,1093540,10.101491566694655,98.4542068789979
1974,Japan,31937220,109603920,878320,8.013581995972407,96.96312639163332
1975,Japan,32815540,110952540,878320,7.916177493548141,95.50085040907807
1976,Japan,33693860,112301160,878320,7.821112444430673,94.06641053995993
1977,Japan,34572180,113649780,878320,7.728303565567835,92.65888347195838
1978,Japan,35450500,114998400,878320,7.637671480646687,91.27738832183847
1979,Japan,36081760,115859880,631260,5.448477937315316,85.95232153102238
1980,Japan,36713020,116721360,631260,5.408264605552917,80.76330099678832
1981,Japan,37344280,117582840,631260,5.368640526117586,75.7052414513376
1982,Japan,37975540,118444320,631260,5.329592841598483,70.7733144574447
1983,Japan,38606800,119305800,631260,5.2911090659465,65.96293195669655
1984,Japan,39286900,119976440,680100,5.66861293767343,63.61796289839757
1985,Japan,39967000,120647080,680100,5.637102862332018,61.338888267181446
1986,Japan,40647100,121317720,680100,5.6059411601207145,59.12371698287149
1987,Japan,41327200,121988360,680100,5.575122085418641,56.97053550272229
1988,Japan,42007300,122659000,680100,5.544640018262011,54.87750404033761
1989,Japan,42781600,123048520,774300,6.292639683923057,55.72166578694535
1990,Japan,43555900,123438040,774300,6.272782685143089,56.586183866535535
1991,Japan,44330200,123827560,774300,6.25305061328835,57.4705939537063
1992,Japan,45104500,124217080,774300,6.233442293121042,58.37444340522886
1993,Japan,45878800,124606600,774300,6.21395656409853,59.29729090338089
1994,Japan,46752240,124951520,873440,6.990231091226421,60.61890905693388
1995,Japan,47625680,125296440,873440,6.970988162153689,61.95279435675555
1996,Japan,48499120,125641360,873440,6.951850887319271,63.29870408395411
1997,Japan,49372560,125986280,873440,6.932818398955822,64.65640039749128
1998,Japan,50246000,126331200,873440,6.913889838773002,66.02565021800228
1999,Japan,50974980,126556480,728980,5.76011595771311,65.49312649179232
2000,Japan,51703960,126781760,728980,5.749880739942403,64.97022454659165
2001,Japan,52432940,127007040,728980,5.739681831810268,64.45685576511356
2002,Japan,53161920,127232320,728980,5.729519040445069,63.952932512437584
2003,Japan,53890900,127457600,728980,5.71939217433876,63.45836812267782
2004,Japan,54629920,127469900,739020,5.7976039833717605,62.26574101482315
2005,Japan,55368940,127482200,739020,5.797044607011802,61.09179745968126
2006,Japan,56107960,127494500,739020,5.796485338583233,59.936431910945224
2007,Japan,56846980,127506800,739020,5.795926178054818,58.79953969004423
2008,Japan,57586000,127519100,739020,5.795367125395333,57.681016976666555
2009,Japan,58194520,127441100,608520,4.7749117043088924,56.695812723262335
2010,Japan,58803040,127363100,608520,4.777835966618275,55.723767949938214
2011,Japan,59411560,127285100,608520,4.780763812889333,54.76484993101728
2012,Japan,60020080,127207100,608520,4.783695249714835,53.819026140287036
2013,Japan,60628600,127129100,608520,4.7866302837037304,52.886264249652015
2014,Japan,60984360,126964780,355760,2.8020369113387193,49.890697177618975
2015,Japan,61340120,126800460,355760,2.805668055147434,46.8993206257546
2016,Japan,61695880,126636140,355760,2.8093086223253487,43.91214390949672
2017,Japan,62051640,126471820,355760,2.8129586496027335,40.929176381044634
2018,Japan,62407400,126307500,355760,2.8166181739009954,37.9504274295503
1970,Netherlands,3687000,12957621,105400,8.134209203988911,70.40407215251356
1971,Netherlands,3813200,13085915.2,126200,9.643956732961254,74.13938328439669
1972,Netherlands,3939400,13214209.4,126200,9.550325424690183,77.86112033524599
1973,Netherlands,4065600,13342503.6,126200,9.458494731078806,81.56894350306779
1974,Netherlands,4191800,13470797.8,126200,9.368413205638051,85.26254624654561
1975,Netherlands,4318000,13599092,126200,9.280031343269094,88.94165281490186
1976,Netherlands,4407000,13697476.4,89000,6.497547241621822,86.9126159551277
1977,Netherlands,4496000,13795860.8,89000,6.4512103514410635,84.93884249828456
1978,Netherlands,4585000,13894245.2,89000,6.405529679294849,83.01859589491654
1979,Netherlands,4674000,13992629.6,89000,6.360491383263658,81.1502092972477
1980,Netherlands,4763000,14091014,89000,6.3160820080087925,79.33208210126757
1981,Netherlands,4874200,14163577.8,111200,7.851123605223533,77.53924897352985
1982,Netherlands,4985400,14236141.6,111200,7.811105222499333,75.800028771339
1983,Netherlands,5096600,14308705.4,111200,7.771492730572257,74.11302677083246
1984,Netherlands,5207800,14381269.2,111200,7.732279985413249,72.47689355060766
1985,Netherlands,5319000,14453833,111200,7.6934609663748015,70.89032317371337
1986,Netherlands,5424600,14541581.2,105600,7.261933798506039,71.65470973059757
1987,Netherlands,5530200,14629329.4,105600,7.21837598379595,72.42187536295246
1988,Netherlands,5635800,14717077.6,105600,7.175337581966681,73.1916832656243
1989,Netherlands,5741400,14804825.8,105600,7.132809357338064,73.9640012396987
1990,Netherlands,5847000,14892574,105600,7.0907822918993055,74.73870152358921
1991,Netherlands,5928200,14998883.6,81200,5.413736259677354,72.30131417804303
1992,Netherlands,6009400,15105193.2,81200,5.375634652590872,69.86584360813457
1993,Netherlands,6090600,15211502.8,81200,5.338065611768483,67.43241648933079
1994,Netherlands,6171800,15317812.4,81200,5.301018048765241,65.00115455268279
1995,Netherlands,6253000,15424122,81200,5.264481180841282,62.57217476714927
1996,Netherlands,6336200,15512087.6,83200,5.36355918980241,60.673800158445644
1997,Netherlands,6419400,15600053.2,83200,5.333315145361171,58.78873932001086
1998,Netherlands,6502600,15688018.8,83200,5.3034102687332325,56.91681200677741
1999,Netherlands,6585800,15775984.4,83200,5.27383888640255,55.057841535841895
2000,Netherlands,6669000,15863950,83200,5.244595450691662,53.211654694634255
2001,Netherlands,6726400,15952265.2,57400,3.5982350644471484,51.39615349940405
2002,Netherlands,6783800,16040580.4,57400,3.5784241323337653,49.59894297914694
2003,Netherlands,6841200,16128895.6,57400,3.5588301532561224,47.81970752063458
2004,Netherlands,6898600,16217210.8,57400,3.539449582785222,46.05813905465457
2005,Netherlands,6956000,16305526,57400,3.520278953282464,44.31393682709575
2006,Netherlands,7022800,16359418.6,66800,4.0832746953488925,43.03365233264223
2007,Netherlands,7089600,16413311.2,66800,4.069867389098185,41.77020457637924
2008,Netherlands,7156400,16467203.8,66800,4.0565478396520485,40.52334214729806
2009,Netherlands,7223200,16521096.4,66800,4.043315188209905,39.29281844910541
2010,Netherlands,7290000,16574989,66800,4.03016858714054,38.078391585554286
2011,Netherlands,7339000,16655799,49000,2.9419183072514263,37.422074828358575
2012,Netherlands,7386743,16730348,47743,2.8536764447457994,36.69732714077061
2013,Netherlands,7449298,16779575,62555,3.728044363459742,36.86654135097423
2014,Netherlands,7535315,16829289,86017,5.1111487835285265,38.438240551717534
2015,Netherlands,7587964,16900726,52649,3.115191619578946,38.03315321801401
2016,Netherlands,7641323,16979120,53359,3.1426245883178865,37.09250311098301
2017,Netherlands,7686178,17081507,44855,2.6259392687073806,35.64857499059221
2018,Netherlands,7740984,17181084,54806,3.189903500850121,34.781930651790276
2019,Netherlands,7814911,17282163,73927,4.277647421795524,35.016262885375895
2020,Netherlands,7891786,17407585,76875,4.416178349840027,35.40227264807538
2021,Netherlands,7966331,17475415,74545,4.265706994655062,36.72606133547902
2022,Netherlands,8045580,17590672,79249,4.50517183198004,38.37755672271326
1971,New Zealand,886583,2860900,18270.800000000047,6.386381907791271,68.54947548323686
1972,New Zealand,912839.6,2909200,26256.599999999977,9.02536779870754,70.1302461753413
1973,New Zealand,939096.2,2973200,26256.599999999977,8.831091080317496,71.6737072070018
1974,New Zealand,965352.8,3040600,26256.600000000093,8.635335131224132,73.17521334194345
1975,New Zealand,991609.4,3102500,26256.599999999977,8.463045930701039,74.63061348923696
1976,New Zealand,1017866,3140300,26256.599999999977,8.3611756838518545,76.10954171343549
1977,New Zealand,1036091.8,3155400,18225.800000000047,5.776066425809738,75.18294113018399
1978,New Zealand,1054317.6,3160200,18225.800000000047,5.767293209290567,74.312823797098
1979,New Zealand,1072543.4,3158200,18225.799999999814,5.770945475270665,73.504912870237
1980,New Zealand,1090769.2,3161300,18225.800000000047,5.765286432796649,72.78198907576095
1981,New Zealand,1108995,3170900,18225.800000000047,5.7478318458481965,72.14343901381787
1982,New Zealand,1127852.4,3188400,18857.399999999907,5.914377117049274,69.0324483321596
1983,New Zealand,1146709.8,3226600,18857.40000000014,5.844356288353108,66.04571354019522
1984,New Zealand,1165567.2,3260300,18857.399999999907,5.783946262613841,63.19432467158494
1985,New Zealand,1184424.6,3284400,18857.40000000014,5.741505297771325,60.47278403865522
1986,New Zealand,1203282,3289000,18857.399999999907,5.733475220431714,57.84508357523508
1987,New Zealand,1222965.6,3315400,19683.600000000093,5.937021173915694,58.00603832334103
1988,New Zealand,1242649.2,3339200,19683.59999999986,5.894705318639153,58.13345043268962
1989,New Zealand,1262332.8,3347100,19683.600000000093,5.880792327686682,58.24329728510564
1990,New Zealand,1282016.4,3373400,19683.59999999986,5.834943973439218,58.31295482574821
1991,New Zealand,1301700,3488000,19683.600000000093,5.643233944954155,58.208356924854165
1992,New Zealand,1318600,3526500,16900,4.792286970083652,57.08626677788855
1993,New Zealand,1334500,3564400,15900,4.460778812703401,55.70268930223884
1994,New Zealand,1351500,3611500,17000,4.7071853800359955,54.625928419660994
1995,New Zealand,1371100,3663700,19600,5.349783006250512,54.23420612814017
1996,New Zealand,1391200,3723400,20100,5.398291883762154,53.899022791470614
1997,New Zealand,1414100,3775200,22900,6.0659037931765205,54.02790541073145
1998,New Zealand,1438700,3811200,24600,6.454659949622166,54.587860041714464
1999,New Zealand,1460900,3833000,22200,5.791807983302896,54.49887569733067
2000,New Zealand,1486600,3855900,25700,6.665110609714983,55.32904233360644
2001,New Zealand,1508600,3876200,22000,5.675661730560859,55.36147011921314
2002,New Zealand,1526800,3935700,18200,4.624336204487131,55.193519353616615
2003,New Zealand,1549600,4013300,22800,5.6811103082251515,56.41385084913837
2004,New Zealand,1577700,4078700,28100,6.889450069875205,58.59611553897757
2005,New Zealand,1607400,4126600,29700,7.197208355546939,60.443540888274
2006,New Zealand,1632600,4176100,25200,6.034338258183472,61.07958726269532
2007,New Zealand,1655400,4219400,22800,5.403611887946154,60.41729535746496
2008,New Zealand,1678200,4255600,22800,5.357646395337908,59.3202818031807
2009,New Zealand,1696600,4293500,18400,4.285547921276348,57.81402174115415
2010,New Zealand,1708500,4345700,11900,2.7383390477943714,53.88725017923354
2011,New Zealand,1722700,4382500,14200,3.240159726183685,51.45174817485636
2012,New Zealand,1734500,4406500,11800,2.6778622489504142,49.50527421931964
2013,New Zealand,1749400,4436000,14900,3.3588818755635708,47.183045786658056
2014,New Zealand,1766000,4501100,16600,3.687987380862456,43.98158309764531
2015,New Zealand,1786100,4591900,20100,4.377273024238333,41.16164776633671
2016,New Zealand,1808000,4695000,21900,4.664536741214057,39.791846249367296
2017,New Zealand,1833100,4796700,25100,5.2327641920487,39.620998553469846
2018,New Zealand,1858200,4886100,25100,5.137021346267985,39.40037350439992
2019,New Zealand,1888100,4965300,29900,6.021791231144141,41.13661681426772
2020,New Zealand,1919800,5082800,31700,6.236719918155348,44.634997684628686
2021,New Zealand,1954000,5112000,34200,6.690140845070422,48.08497880351543
2016,Norway,2485353,5213985,29049,5.571362403229008,54.673393331378726
2017,Norway,2515589,5258317,30236,5.750128795962662,54.46748668806535
2018,Norway,2547732,5295619,32143,6.069734246364778,53.84314128224953
2019,Norway,2581155,5328212,33423,6.272835990760128,54.6199124695778
2020,Norway,2610040,5367580,28885,5.381382298913104,55.22874428218929
2021,Norway,2637838,5391369,27798,5.156018814516313,56.50593851164431
2022,Norway,2666507,5425270,28669,5.284345295257195,56.62528752741568
2023,Norway,2694301,5488984,27794,5.063596468854709,55.64842886365536
2004,Poland,12683392,38173835,87501,2.2921721121286347,32.617063285957414
2005,Poland,12776140,38157055,92748,2.430690733338828,33.56624947684014
2006,Poland,12876676,38125479,100536,2.6369767052631654,34.75729054878079
2007,Poland,12993716,38115641,117040,3.0706554298798228,36.12851411916581
2008,Poland,13150294,38135876,156578,4.105792666202292,38.29570195550589
2009,Poland,13302449,38167329,152155,3.9865247054620983,40.30618188511578
2010,Poland,13470428,38529866,167979,4.359708907370714,42.535392129014966
2011,Poland,13587440,38538447,117012,3.0362406663662393,42.927956230460005
2012,Poland,13722786,38533299,135346,3.5124425759652707,33.564707692080766
2013,Poland,13852896,38495659,130110,3.379861609850607,32.81106611182767
2014,Poland,13983039,38478602,130143,3.382217472453911,33.90111147215295
2015,Poland,14119452,38437239,136413,3.5489801960021112,35.01940093481623
2016,Poland,14272010,38432992,152558,3.9694541606336555,36.35187839018672
2017,Poland,14439777,38433558,167767,4.36511758812442,37.64634054843132
2018,Poland,14615112,38411148,175335,4.564690438307129,38.10523832053616
2019,Poland,14812774,38382576,197662,5.149784631443184,39.26849824651724
2020,Poland,15015333,38265013,202559,5.293582416919602,40.20237175606613
2011,Portugal,5879333,10553200,27147,2.572395102907175,49.640688928573006
2012,Portugal,5899059,10508000,19726,1.8772363913208985,36.96848193330687
2013,Portugal,5911865,10449300,12806,1.2255366388179112,32.237396575667205
2014,Portugal,5920160,10387300,8295,0.7985713323000202,28.457549449534227
2015,Portugal,5927219,10337200,7059,0.6828735053979802,24.260280397691844
2016,Portugal,5935021,10306400,7802,0.757005355895366,21.795095727736012
2017,Portugal,5943225,10285100,8204,0.7976587490641802,18.975510683153455
2018,Portugal,5953833,10264100,10608,1.0335051295291355,15.346615478838483
2019,Portugal,5966545,10263400,12712,1.2385759105169827,13.445732749488684
2020,Portugal,5983606,10291700,17061,1.65774361864415,12.6411017343938
2021,Portugal,6002874,10283000,19268,1.8737722454536614,11.942478876940289
2021,Slovenia,864323,2108977,4047.333333333372,1.919097900704167,9.44046551461653
2005,South Korea,15622500,47279000,830020,17.555785866875357,130.42310822307635
2006,South Korea,16045760,47765400,423260,8.86122590829345,130.81489003326317
2007,South Korea,16469020,48251800,423260,8.771900737381818,131.1745465767299
2008,South Korea,16892280,48738200,423260,8.684358470357953,131.50309332083515
2009,South Korea,17315540,49224600,423260,8.598546255327621,131.8015082228748
2010,South Korea,17738800,49711000,423260,8.51441330892559,132.07073339238647
2011,South Korea,18082100,50734284,343300,6.7666274742341885,120.93534079095949
2012,South Korea,18414400,50948272,332300,6.522301678847911,109.64345499180631
2013,South Korea,18742100,51141463,327700,6.407716572363212,98.32395902642003
2014,South Korea,19161200,51327916,419100,8.16514740243886,88.84802367504597
2015,South Korea,19559100,51529338,397900,7.721814706798678,79.0140525149693
2016,South Korea,19877100,51696216,318000,6.151320630508043,76.30414723718387
2017,South Korea,20313400,51778544,436300,8.426270155452807,75.95851665525487
2018,South Korea,20818000,51826059,504600,9.736414648082734,77.01057283297963
2019,South Korea,21310100,51849861,492100,9.490864401738705,77.90289097939072
2020,South Korea,21673500,51829023,363400,7.011515536381999,76.39999320684714
2021,South Korea,21917200,51638809,243700,4.719318758881522,74.35268449149449
1980,Spain,14356383.818181818,37344516.09090909,369750.18181818165,9.901056982987422,103.3016650536388
1981,Spain,14726134,37683363,369750.18181818165,9.81202717544561,102.33219855255292
1982,Spain,14975560.5,37802253.5,249426.5,6.5981912956591335,98.25437931388156
1983,Spain,15224987,37921144,249426.5,6.577504623805654,94.25931250826912
1984,Spain,15474413.5,38040034.5,249426.5,6.556947260392206,90.3451422503316
1985,Spain,15723840,38158925,249426.5,6.536517996772708,86.51006805233453
1986,Spain,15973266.5,38277815.5,249426.5,6.5162156393172435,82.75234270735761
1987,Spain,16222693,38396706,249426.5,6.49603900917959,79.07027027165066
1988,Spain,16472119.5,38515596.5,249426.5,6.4759869420690395,75.46220414067223
1989,Spain,16721546,38634487,249426.5,6.456058288026446,71.92654521365505
1990,Spain,16970972.5,38753377.5,249426.5,6.436251911204385,68.46174014187203
1991,Spain,17220399,38872268,249426.5,6.416566689651348,65.06627965607777
1992,Spain,17601735,39012322.71428572,381336,9.774757652672665,68.2428460130913
1993,Spain,17983071,39152377.428571425,381336,9.73979168176184,71.40513307104747
1994,Spain,18364407,39292432.14285714,381336,9.705074977633371,74.55326078828864
1995,Spain,18745743,39432486.85714286,381336,9.670604884280186,77.68734767579612
1996,Spain,19127079,39572541.571428575,381336,9.636378783295665,80.80751081977454
1997,Spain,19508415,39712596.28571428,381336,9.602394093210599,83.91386590380554
1998,Spain,19889751,39852651,381336,9.568648268844147,87.00652723058066
1999,Spain,20271087,40202160,381336,9.485460482720331,90.03592942527455
2000,Spain,20652423,40499791,381336,9.415752293635293,93.01542980770543
2001,Spain,21033759,41116842,381336,9.274447682533596,95.87331080058769
2002,Spain,21487307,41837894,453548,10.840603018880444,96.93915616679547
2003,Spain,21926409,42717064,439102,10.279311330947278,97.4786758159809
2004,Spain,22417950,43197684,491541,11.378873922963093,99.15247476131063
2005,Spain,22927382,44108530,509432,11.54951207850273,101.03138195553318
2006,Spain,23493772,44708964,566390,12.668376748788006,104.06337992102551
2007,Spain,24034966,45200737,541194,11.973123358585944,106.43410918640086
2008,Spain,24569715,46157822,534749,11.585230342974155,108.45069126053089
2009,Spain,24908126,46745807,338411,7.239387267397053,106.20461804520761
2010,Spain,25106251,47021031,198125,4.213540107191609,101.00240585876391
2011,Spain,25249053,47190493,142802,3.0260756123060637,94.75403378853636
2012,Spain,25382415,47265321,133362,2.8215612880318743,86.73499205768779
2013,Spain,25441306,47129783,58891,1.249549568263448,77.70523029500397
2014,Spain,25492335,46771341,51029,1.0910313646983096,67.4173877367392
2015,Spain,25541915,46624382,49580,1.063392111020367,56.93126776925684
2016,Spain,25586279,46557008,44364,0.9528962857750652,45.2157873062439
2017,Spain,25645100,46572132,58821,1.2630085305091894,34.505672478167135
2018,Spain,25712558,46722980,67458,1.443786333834015,24.364228469026994
2019,Spain,25793043,47026208,80485,1.7114924511880694,18.83633365281801
2020,Spain,25882055,47450795,89012,1.875880056382617,16.49867360200902
2021,Spain,25976305,47385107,94250,1.9890215716934014,15.461619561396358
1990,Sweden,4044768,8590630,36062,4.197829495624884,44.272401557432445
1991,Sweden,4110602,8644119,65834,7.616045082211385,47.28233730426095
1992,Sweden,4167496,8692013,56894,6.545549345128683,49.22423925721208
1993,Sweden,4202155,8745109,34659,3.9632439115395814,48.58554282203123
1994,Sweden,4222875,8816381,20720,2.3501706652650336,46.34041903486935
1995,Sweden,4234838,8837496,11963,1.3536639790275435,43.10732033861717
1996,Sweden,4250179,8844499,15341,1.7345244767397228,40.53928137664683
1997,Sweden,4261882,8847625,11703,1.3227278506943954,37.57609952095967
1998,Sweden,4273036,8854322,11154,1.259723782351715,34.57261518423002
1999,Sweden,4284337,8861426,11301,1.2753026431637526,31.618781231746695
2000,Sweden,4295730,8882792,11393,1.2825922300105643,28.703543966132372
2001,Sweden,4310171,8909128,14441,1.6209218231009814,22.708420707021972
2002,Sweden,4331762,8940788,21591,2.414887815257447,18.57775917715074
2003,Sweden,4354125,8975670,22363,2.4915131683762883,17.106028433987447
2004,Sweden,4382521,9011392,28396,3.151122490287849,17.90698025901026
2005,Sweden,4407248,9047752,24727,2.7329440506326876,19.286260330615406
2006,Sweden,4439267,9113257,32019,3.5134529839331865,21.06518883780887
2007,Sweden,4473356,9182927,34089,3.712215070423624,23.454676057538094
2008,Sweden,4506793,9256347,33437,3.612332165161915,25.807284440348297
2009,Sweden,4530576,9340682,23783,2.5461738232818547,27.078155620466397
2010,Sweden,4551433,9415570,20857,2.215160632866624,28.01072402332246
2011,Sweden,4572564,9482855,21131,2.2283373519894587,28.618139552210938
2012,Sweden,4599786,9555893,27222,2.8487133541574816,29.051965091110972
2013,Sweden,4633678,9644864,33892,3.513994598575988,30.074446521310673
2014,Sweden,4669081,9747355,35403,3.63206223637079,30.55538626739361
2015,Sweden,4716568,9851017,47487,4.820517516110265,32.64295973287119
2016,Sweden,4795717,9995153,79149,7.918738212411555,37.04824496134955
2017,Sweden,4859252,10120242,63535,6.278011928963754,39.614041819889685
2018,Sweden,4924792,10230185,65540,6.406531260187377,42.40824091491515
2019,Sweden,4978239,10327589,53447,5.1751672147294014,45.03723430636269
2020,Sweden,5037444,10379295,59205,5.70414464566235,48.52621831915842
2021,Sweden,5096007,10452326,58563,5.602867725327358,51.90074869249631
1980,Switzerland,2700938,6335243,53191.799999999814,8.396173595866774,84.82192569841958
1981,Switzerland,2746841.9,6376788,45903.89999999991,7.198592771156875,83.45126048243722
1982,Switzerland,2792745.8,6418333,45903.89999999991,7.151997255362087,82.05358294716436
1983,Switzerland,2838649.7,6459878,45903.90000000037,7.106001073085339,80.62940312383103
1984,Switzerland,2884553.6,6501423,45903.89999999991,7.060592734852032,79.17922016365024
1985,Switzerland,2930457.5,6542968,45903.89999999991,7.015761043000655,77.70352262409864
1986,Switzerland,2976361.4,6584513,45903.89999999991,6.9714950824760935,76.20278874605167
1987,Switzerland,3022265.3,6626058,45903.89999999991,6.92778421197036,74.67748672212224
1988,Switzerland,3068169.2,6667603,45903.90000000037,6.884618055394176,73.1280749565319
1989,Switzerland,3114073.1,6709148,45903.89999999991,6.841986493665054,71.55500231682944
1990,Switzerland,3159977,6750693,45903.89999999991,6.799879656799666,69.95870837776233
1991,Switzerland,3200897.4,6792068.1,40920.39999999991,6.024733468146455,68.78484907475192
1992,Switzerland,3241817.8,6833443.2,40920.39999999991,5.988254940057145,67.62110675944697
1993,Switzerland,3282738.2,6874818.3,40920.40000000037,5.9522154934626235,66.46732117982427
1994,Switzerland,3323658.6,6916193.4,40920.39999999991,5.916607248143163,65.3233356931154
1995,Switzerland,3364579,6957568.5,40920.39999999991,5.88142251132704,64.18899716144179
1996,Switzerland,3405499.4,6998943.6,40920.39999999991,5.846653772149258,63.06415585111495
1997,Switzerland,3446419.8,7040318.7,40920.39999999991,5.812293696306662,61.948665335451246
1998,Switzerland,3487340.2,7081693.8,40920.40000000037,5.778335120900084,60.84238240095715
1999,Switzerland,3528260.6,7123068.9,40920.39999999991,5.744771049455931,59.74516695674802
2000,Switzerland,3569181,7164444,40920.39999999991,5.7115946471212435,58.65688194706961
2001,Switzerland,3620168.9,7242096.5,50987.89999999991,7.040488897103195,59.67263737602635
2002,Switzerland,3671156.8,7319749,50987.89999999991,6.9657989638715625,60.65018139984077
2003,Switzerland,3722144.7,7397401.5,50987.90000000037,6.89267711100991,61.590643017388054
2004,Switzerland,3773132.6,7475054,50987.89999999991,6.821074469829905,62.49511023907479
2005,Switzerland,3824120.5,7552706.5,50987.89999999991,6.75094418140039,63.364631909148144
2006,Switzerland,3875108.4,7630359,50987.89999999991,6.682241294282472,64.20021943128135
2007,Switzerland,3926096.3,7708011.5,50987.89999999991,6.614922668446967,65.00284840342167
2008,Switzerland,3977084.2,7785664,50987.90000000037,6.5489468849413965,65.77346016746297
2009,Switzerland,4028072.1,7863316.5,50987.89999999991,6.484274160909066,66.5129632789161
2010,Switzerland,4079060,7940969,50987.89999999991,6.420866269595047,67.22223490138991
2011,Switzerland,4131342,8035391,52282,6.5064662068093515,66.68821221109606
2012,Switzerland,4177521,8123721,46179,5.684464052864445,65.40687730008894
2013,Switzerland,4234906,8222327,57385,6.979167819523597,65.49336800860263
2014,Switzerland,4289428,8324554,54522,6.5495400714560805,65.2218336102288
2015,Switzerland,4351846,8423612,62418,7.409885450564437,65.88077487939285
2016,Switzerland,4420829,8497313,68983,8.118213369332164,67.31674695444255
2017,Switzerland,4469498,8560151,48669,5.685530547299925,66.3873548332955
2018,Switzerland,4528902,8620693,59404,6.890861326345806,66.72926927469992
2019,Switzerland,4582272,8681911,53370,6.147264121919702,66.39225923571055
2020,Switzerland,4637174,8729833,54902,6.2890091941048585,66.26040216022038
2021,Switzerland,4688288,8805344,51114,5.8048839432053985,65.55881989661643
2022,Switzerland,4741917,8965442,53629,5.981746354502098,65.85610219825406
1976,Taiwan,3200011.2,16629444.4,119322.20000000019,7.1753569830631365,60.9864834282222
1977,Taiwan,3319333.4,16979532.8,119322.19999999972,7.027413616468865,61.448396709471254
1978,Taiwan,3438655.6,17329621.2,119322.20000000019,6.885447674990161,61.91512490503656
1979,Taiwan,3557977.8,17679709.6,119322.19999999972,6.74910406899442,62.38587088762386
1980,Taiwan,3677300,18029798,119322.20000000019,6.61805528825116,62.85992214059338
1981,Taiwan,3818393.2,18266181,141093.2000000002,7.724285662120626,64.68007700648116
1982,Taiwan,3959486.4,18502564,141093.19999999972,7.625602592159645,66.51750176047543
1983,Taiwan,4100579.6,18738947,141093.2000000002,7.5294092031958995,68.3702193389123
1984,Taiwan,4241672.8,18975330,141093.19999999972,7.4356124504817425,70.23641285819649
1985,Taiwan,4382766,19211713,141093.2000000002,7.344123868600378,72.11441140832603
1986,Taiwan,4523859.2,19448096,141093.2000000002,7.254859293166806,72.1939137184297
1987,Taiwan,4664952.4,19684479,141093.2000000002,7.167738602581261,72.3342387045421
1988,Taiwan,4806045.6,19920862,141093.19999999925,7.082685478168528,72.53147650772047
1989,Taiwan,4947138.8,20157245,141093.2000000002,6.999627181194661,72.7819996199207
1990,Taiwan,5088232,20393628,141093.2000000002,6.918494345390638,73.08243867706018
1991,Taiwan,5278718.7,20584358.1,190486.7000000002,9.253953855379157,74.61210687031871
1992,Taiwan,5469205.4,20775088.2,190486.7000000002,9.168995970857068,76.15550024901613
1993,Taiwan,5659692.1,20965818.3,190486.69999999925,9.085583842916318,77.71167488873655
1994,Taiwan,5850178.8,21156548.4,190486.7000000002,9.00367566573384,79.27973810398865
1995,Taiwan,6040665.5,21347278.5,190486.7000000002,8.923231127565053,80.85884536295333
1996,Taiwan,6231152.2,21538008.6,190486.7000000002,8.844211344590148,82.44819741437666
1997,Taiwan,6421638.9,21728738.7,190486.7000000002,8.76657879824383,84.04703761003923
1998,Taiwan,6612125.6,21919468.8,190486.69999999925,8.69029727581716,85.65464940768786
1999,Taiwan,6802612.3,22110198.9,190486.7000000002,8.615331814133983,87.2703540406272
2000,Taiwan,6993099,22300929,190486.7000000002,8.541648646116949,88.89350834135351
2001,Taiwan,7101242,22383222.7,108143,4.831431177245089,84.47098566321945
2002,Taiwan,7209385,22465516.4,108143,4.813733104305584,80.11572279666795
2003,Taiwan,7317528,22547810.1,108143,4.796164218182766,75.8263031719344
2004,Taiwan,7425671,22630103.8,108143,4.778723109524579,71.60135061572512
2005,Taiwan,7533814,22712397.5,108143,4.7614083894049495,67.43952787756503
2006,Taiwan,7641957,22794691.2,108143,4.744218688955084,63.33953522192997
2007,Taiwan,7750100,22876984.9,108143,4.727152659002717,59.30010908268887
2008,Taiwan,7858243,22959278.6,108143,4.710208969719109,55.320020776590816
2009,Taiwan,7966386,23041572.3,108143,4.693386310273626,51.39807527273046
2010,Taiwan,8074529,23123866,108143,4.676683388495678,47.53311001510918
2011,Taiwan,8166312.5,23194840.5,91783.5,3.9570653654634964,46.658744203327586
2012,Taiwan,8258096,23265815,91783.5,3.944993975065993,45.79000507408799
2013,Taiwan,8349879.5,23336789.5,91783.5,3.932996010440939,44.926836866346164
2014,Taiwan,8441663,23407764,91783.5,3.921070803687187,44.06918456050877
2015,Taiwan,8533446.5,23478738.5,91783.5,3.9092176949796515,43.216993866083484
2016,Taiwan,8625230,23549713,91783.5,3.8974360324476143,42.37021120957601
2017,Taiwan,8717013.5,23620687.5,91783.5,3.8857251720552166,41.52878372262851
2018,Taiwan,8808797,23691662,91783.5,3.8740844774841037,40.6926592303935
2019,Taiwan,8900580.5,23762636.5,91783.5,3.8625133200181723,39.86178624013805
2020,Taiwan,8992364,23833611,91783.5,3.851011078430373,39.03611393007275
1975,USA,78821000,215981000,1359000,6.292220148994588,70.36386749456794
1976,USA,80189000,218086000,1368000,6.272754784809662,71.55521291310414
1977,USA,81645000,220289000,1456000,6.609499339504015,74.12953273240205
1978,USA,83496000,222629000,1851000,8.31428070916188,76.68028259397123
1979,USA,85735000,225106000,2239000,9.946425239664869,80.174967639492
1980,USA,87739000,227726000,2004000,8.800049181911596,82.64118126708325
1981,USA,90862000,230008000,3123000,13.577788598657438,88.79451442210299
1982,USA,91876000,232218000,1014000,4.366586569516575,83.66718890915162
1983,USA,93044000,234333000,1168000,4.984359863954287,78.77134739440733
1984,USA,95256000,236394000,2212000,9.357259490511604,78.5212239266865
1985,USA,97333000,238506000,2077000,8.708376309191383,80.93738008688331
1986,USA,99318000,240683000,1985000,8.24736271361085,82.9119880156845
1987,USA,101811000,242843000,2493000,10.265891954884431,86.56838063106491
1988,USA,103653000,245061000,1842000,7.516495892859329,85.77059581476237
1989,USA,105729000,247387000,2076000,8.391710154535202,84.21588072963269
1990,USA,106283000,250181000,554000,2.2143967767336448,77.63022832445475
1991,USA,107276000,253530000,993000,3.9166962489646195,67.96913597476194
1992,USA,108316000,256922000,1040000,4.047921158950966,67.65047056419633
1993,USA,109611000,260282000,1295000,4.975372864815854,67.64148356505788
1994,USA,110952000,263455000,1341000,5.090053329790667,63.37427740433695
1995,USA,112655000,266588000,1703000,6.388134499677404,61.05403559482296
1996,USA,114139000,269714000,1484000,5.502124472589483,58.308797353801594
1997,USA,115621000,272958000,1482000,5.429406721913261,53.47231212083043
1998,USA,117282000,276154000,1661000,6.014759880356613,51.97057610832772
1999,USA,119044000,279328000,1762000,6.307996334058885,49.8868622878514
2000,USA,116334360,282398000,-2709640,-9.59511044695784,38.07735506415992
2001,USA,118073715,285225000,1739355,6.0981856429134895,40.25884445810878
2002,USA,119762541,287955000,1688826,5.864895556597385,42.075818855755195
2003,USA,121525460,290626000,1762919,6.065936977421153,43.1663829683605
2004,USA,123418565,293262000,1893105,6.455336866010598,44.53166650458043
2005,USA,125458161,295993000,2039596,6.890689982533371,45.0342219874364
2006,USA,127394236,298818000,1936075,6.479111030794664,46.01120854564158
2007,USA,129186575,301696000,1792339,5.940877572125584,46.522679395853906
2008,USA,130522504,304543000,1335929,4.386667892547194,44.89458740804449
2009,USA,131340117,307240000,817613,2.6611541465954955,41.247745220581095
2010,USA,131825383,309839000,485266,1.5661876006571156,52.40904326819605
2011,USA,132312816,312295000,487433,1.560809491026113,47.87166711630867
2012,USA,132834047,314725000,521231,1.6561474302962904,43.662918990007576
2013,USA,133538615,317099000,704568,2.221918076058266,39.818900088644696
2014,USA,134388318,319601000,849703,2.6586368628383514,36.02220008547245
2015,USA,135285123,322113000,896805,2.784131655661212,31.915641758600287
2016,USA,136286436,324609000,1001313,3.0846741772409265,28.521204905046552
2017,USA,137366902,326860000,1080466,3.30559260845622,25.885919941377185
2018,USA,138516439,328794000,1149537,3.496222558805818,24.99547460763581
2019,USA,139684244,330513000,1167805,3.533310338776387,25.867630799816702
