Dagsetning,Land,Fjöldi verndarveitinga(bæði hæli og tímabundin vernd),Fjöldi hælisveitinga,Fjöldi umsókna um hæli
2008-01-01,Austurríki,41.225379571398086,41.225379571398086,151.78161646578974
2009-01-01,Austurríki,38.392307717225776,38.392307717225776,188.3022717568308
2010-01-01,Austurríki,41.069763159177185,41.069763159177185,131.47113687689955
2011-01-01,Austurríki,48.59606331290945,48.59606331290945,171.81753097610985
2012-01-01,Austurríki,52.92502331971674,52.92502331971674,206.58598990190555
2013-01-01,Austurríki,58.152879957784435,58.152879957784435,206.5817465031366
2014-01-01,Austurríki,84.15820520168232,84.15820520168232,324.526263354532
2015-01-01,Austurríki,174.84134400226628,174.84134400226628,1021.2668111524782
2016-01-01,Austurríki,348.5443489208803,348.5443489208803,481.69805979469385
2017-01-01,Austurríki,286.9644067245991,286.9644067245991,276.36353688333287
2018-01-01,Austurríki,169.6276025198512,169.6276025198512,152.85186902640783
2019-01-01,Austurríki,83.08146442369289,83.08146442369289,142.96559061495523
2020-01-01,Austurríki,76.50770739318355,76.50770739318355,164.924103455497
2021-01-01,Austurríki,135.23401305590357,135.23401305590357,446.003566237351
2022-01-01,Austurríki,1193.4608236683907,183.98630838934133,1243.4667876313533
2023-01-01,Austurríki,455.20085511202257,253.93277283604684,649.1650751935358
2008-01-01,Belgía,32.85876095190471,32.85876095190471,148.82534382638724
2009-01-01,Belgía,27.062013860214936,27.062013860214936,213.14823287839388
2010-01-01,Belgía,32.380357576934486,32.380357576934486,244.42096125381173
2011-01-01,Belgía,46.133687882466454,46.133687882466454,292.6648436208882
2012-01-01,Belgía,50.0637014329053,50.0637014329053,254.7425312767219
2013-01-01,Belgía,56.293900488544864,56.293900488544864,189.98069128191537
2014-01-01,Belgía,71.99816829504759,71.99816829504759,199.2694645482808
2015-01-01,Belgía,92.1931778116294,92.1931778116294,394.44619753865567
2016-01-01,Belgía,132.52448896072775,132.52448896072775,160.37319744813885
2017-01-01,Belgía,110.51181903863613,110.51181903863613,160.46016610512217
2018-01-01,Belgía,84.61573621085908,84.61573621085908,196.82260672790292
2019-01-01,Belgía,56.65391502558723,56.65391502558723,238.7059023689804
2020-01-01,Belgía,49.38190174997657,49.38190174997657,144.50064396082774
2021-01-01,Belgía,79.05827958279038,79.05827958279038,215.6252912758864
2022-01-01,Belgía,639.287399840742,93.95209329825903,310.2614020096882
2023-01-01,Belgía,239.12533267204847,106.06502914638047,298.9492451371888
2008-01-01,Búlgaría,3.923914891217108,3.923914891217108,9.90954777612456
2009-01-01,Búlgaría,3.6158523789429364,3.6158523789429364,11.316278741506597
2010-01-01,Búlgaría,1.8863434929099085,1.8863434929099085,13.743359734057906
2011-01-01,Búlgaría,2.578218046956407,2.578218046956407,12.076916114690537
2012-01-01,Búlgaría,2.320114684633635,2.320114684633635,18.7656334786544
2013-01-01,Búlgaría,34.15454180432613,34.15454180432613,99.20089479345943
2014-01-01,Búlgaría,98.34978889217815,98.34978889217815,155.11166705280667
2015-01-01,Búlgaría,79.59099192140764,79.59099192140764,289.13081515685616
2016-01-01,Búlgaría,19.455928646606694,19.455928646606694,279.51684155624946
2017-01-01,Búlgaría,24.746266817606728,24.746266817606728,53.726408193978024
2018-01-01,Búlgaría,10.95092829835301,10.95092829835301,37.366343180191016
2019-01-01,Búlgaría,6.002241537102031,6.002241537102031,32.187020242709636
2020-01-01,Búlgaría,12.482351553253594,12.482351553253594,53.58277739933249
2021-01-01,Búlgaría,30.847579735635478,30.847579735635478,168.24560858294484
2022-01-01,Búlgaría,2332.5934934818197,59.69933747618968,294.5630101053855
2023-01-01,Búlgaría,455.51056111394587,89.72177718911055,348.88355710787243
2008-01-01,Danmörk,13.331407279788436,13.331407279788436,43.281418154929575
2009-01-01,Danmörk,14.33379340576556,14.33379340576556,68.40303941738755
2010-01-01,Danmörk,24.30105995983911,24.30105995983911,92.05494460623069
2011-01-01,Danmörk,23.648408057507172,23.648408057507172,71.30489577795889
2012-01-01,Danmörk,30.46313279990596,30.46313279990596,108.59210868672359
2013-01-01,Danmörk,50.065790554004295,50.065790554004295,128.33263247176146
2014-01-01,Danmörk,97.38352850023146,97.38352850023146,259.09705210463045
2015-01-01,Danmörk,176.59899835945802,176.59899835945802,368.8348264886129
2016-01-01,Danmörk,124.84118886658393,124.84118886658393,106.88157924016309
2017-01-01,Danmörk,41.13924215775586,41.13924215775586,55.49014058488
2018-01-01,Danmörk,22.746182014429557,22.746182014429557,61.40604270055127
2019-01-01,Danmörk,27.126731438986127,27.126731438986127,46.58908478886188
2020-01-01,Danmörk,7.213070495914053,7.213070495914053,25.245746735699186
2021-01-01,Danmörk,13.270445690058896,13.270445690058896,35.53054813789962
2022-01-01,Danmörk,569.0040896104824,8.768315564015513,42.99028504687218
2023-01-01,Danmörk,157.9394314922124,16.687303860970147,40.03267340384253
2008-01-01,Eistland,0.3735692298496758,0.3735692298496758,1.120707689549027
2009-01-01,Eistland,0.3743243445580727,0.3743243445580727,2.9945947564645814
2010-01-01,Eistland,1.1250365636883197,1.1250365636883197,2.6250853152727465
2011-01-01,Eistland,0.7520719582449649,0.7520719582449649,4.888467728592271
2012-01-01,Eistland,0.7545933986660298,0.7545933986660298,5.659450489995223
2013-01-01,Eistland,0.7574759084787308,0.7574759084787308,7.196021130547943
2014-01-01,Eistland,1.5199658919653845,1.5199658919653845,7.219837986835575
2015-01-01,Eistland,1.5210629187676348,1.5210629187676348,10.267174701681535
2016-01-01,Eistland,8.359018316888864,8.359018316888864,12.538527475333298
2017-01-01,Eistland,6.460758493047084,6.460758493047084,13.681606220570293
2018-01-01,Eistland,1.5161473482961916,1.5161473482961916,5.685552556110719
2019-01-01,Eistland,3.0192780906085357,3.0192780906085357,7.548195226521338
2020-01-01,Eistland,1.8811475903251829,1.8811475903251829,3.7622951806503657
2021-01-01,Eistland,3.7592062962194412,3.7592062962194412,5.638809444329162
2022-01-01,Eistland,3148.3800822348167,4.505194489246101,25.154002564957395
2023-01-01,Eistland,647.9320352240746,5.124886154314715,15.374658462944144
2008-01-01,Finnland,12.357362082406059,12.357362082406059,70.93691821350654
2009-01-01,Finnland,18.02372147042026,18.02372147042026,106.92197268129517
2010-01-01,Finnland,29.80513421934,29.80513421934,68.4864055886402
2011-01-01,Finnland,19.812936117140776,19.812936117140776,55.159958297955306
2012-01-01,Finnland,28.789541416856455,28.789541416856455,57.39394108826688
2013-01-01,Finnland,30.405364317075247,30.405364317075247,59.24439168448298
2014-01-01,Finnland,23.20560163044575,23.20560163044575,60.994960807298114
2015-01-01,Finnland,30.61176189787807,30.61176189787807,589.7561531012091
2016-01-01,Finnland,128.8427768224419,128.8427768224419,101.32472972175063
2017-01-01,Finnland,62.32627459502913,62.32627459502913,90.4003545510991
2018-01-01,Finnland,43.623132412985,43.623132412985,81.07916918338584
2019-01-01,Finnland,30.08380514465689,30.08380514465689,81.82432543863003
2020-01-01,Finnland,20.90387259171099,20.90387259171099,57.19154752364219
2021-01-01,Finnland,19.155035253396722,19.155035253396722,45.628739636628985
2022-01-01,Finnland,838.0133451304656,22.169188396827032,72.18504026771728
2023-01-01,Finnland,363.3197159582097,22.915292497982556,96.06450070722883
2008-01-01,Frakkland,8.04597070832336,8.04597070832336,65.25829057993529
2009-01-01,Frakkland,7.839910305831715,7.839910305831715,73.89251437904818
2010-01-01,Frakkland,7.864351945849459,7.864351945849459,81.40416217694913
2011-01-01,Frakkland,7.102325082698996,7.102325082698996,88.08268171360282
2012-01-01,Frakkland,13.235905832228797,13.235905832228797,93.92284566828096
2013-01-01,Frakkland,16.288022853536603,16.288022853536603,100.8073889849673
2014-01-01,Frakkland,22.345320057225784,22.345320057225784,95.04128858969518
2015-01-01,Frakkland,30.410113865186716,30.410113865186716,112.13071178791262
2016-01-01,Frakkland,42.6330821823114,42.6330821823114,125.4682154615648
2017-01-01,Frakkland,48.36115698926637,48.36115698926637,147.65045902835595
2018-01-01,Frakkland,48.56308181705119,48.56308181705119,204.13651826783496
2019-01-01,Frakkland,41.610646476229896,41.610646476229896,222.6392500655851
2020-01-01,Frakkland,28.233243225566675,28.233243225566675,134.8896919776877
2021-01-01,Frakkland,49.83864415972888,49.83864415972888,174.74900694785103
2022-01-01,Frakkland,176.44967623890344,51.50311624019364,227.0257363867736
2023-01-01,Frakkland,83.23679337048755,58.043526542782494,239.65507623350527
2008-01-01,Grikkland,0.4972453961178877,0.4972453961178877,179.2795673639584
2009-01-01,Grikkland,1.4871905573314212,1.4871905573314212,143.0857581674928
2010-01-01,Grikkland,0.9443049820901318,0.9443049820901318,91.95731849401523
2011-01-01,Grikkland,1.618211423278079,1.618211423278079,83.42778893344764
2012-01-01,Grikkland,0.8569052946464345,0.8569052946464345,85.96113113663706
2013-01-01,Grikkland,4.543961234557916,4.543961234557916,74.56640385909539
2014-01-01,Grikkland,17.983295577564427,17.983295577564427,85.34057570523575
2015-01-01,Grikkland,36.700989075538466,36.700989075538466,119.54299578431349
2016-01-01,Grikkland,24.94494493009295,24.94494493009295,472.841168024327
2017-01-01,Grikkland,96.95219987234627,96.95219987234627,543.9631329044715
2018-01-01,Grikkland,141.51165166906944,141.51165166906944,622.6512673439055
2019-01-01,Grikkland,161.73098872974177,161.73098872974177,719.5140815987619
2020-01-01,Grikkland,320.1921152691615,320.1921152691615,378.082327251829
2021-01-01,Grikkland,155.12286592514846,155.12286592514846,264.5938168859082
2022-01-01,Grikkland,389.0616458354486,183.22561598320118,355.83915611243145
2023-01-01,Grikkland,289.2745541522925,238.14137570047654,615.3745992647193
2008-01-01,Holland,34.59227050801995,34.59227050801995,92.83529160125883
2009-01-01,Holland,50.012777673276986,50.012777673276986,97.75086867251166
2010-01-01,Holland,48.26549206156336,48.26549206156336,90.92012067096998
2011-01-01,Holland,41.006738854137225,41.006738854137225,87.29692283150152
2012-01-01,Holland,32.90427670721494,32.90427670721494,78.09162128606052
2013-01-01,Holland,35.578970265933435,35.578970265933435,77.62413529544104
2014-01-01,Holland,74.5426619033044,74.5426619033044,143.9751851667649
2015-01-01,Holland,97.30351228698696,97.30351228698696,261.58639575601666
2016-01-01,Holland,122.53285211483279,122.53285211483279,121.35493476693726
2017-01-01,Holland,45.69268976092098,45.69268976092098,105.55274777570855
2018-01-01,Holland,21.06968337969828,21.06968337969828,137.91330046462727
2019-01-01,Holland,28.034685241656383,28.034685241656383,145.23644985873585
2020-01-01,Holland,49.48992062942677,49.48992062942677,87.72038166121263
2021-01-01,Holland,68.95401339539004,68.95401339539004,151.4985481031495
2022-01-01,Holland,712.593583690265,86.26731258476083,204.56864865651525
2023-01-01,Holland,276.67842830707775,81.29674597983941,219.83246469893734
2008-01-01,Króatía,0,0,0
2009-01-01,Króatía,0,0,0
2010-01-01,Króatía,0,0,0
2011-01-01,Króatía,0,0,0
2012-01-01,Króatía,0.46772859767482755,0.46772859767482755,0
2013-01-01,Króatía,0.5885395344369784,0.5885395344369784,25.424907887677463
2014-01-01,Króatía,0.5927496756473776,0.5927496756473776,10.432394291393845
2015-01-01,Króatía,0.9567283716602705,0.9567283716602705,4.783641858301353
2016-01-01,Króatía,2.420653988087962,2.420653988087962,53.73851853555275
2017-01-01,Króatía,3.6775801718606766,3.6775801718606766,23.9042711170944
2018-01-01,Króatía,3.362943008578494,3.362943008578494,19.803997717184465
2019-01-01,Króatía,1.3858526118030294,1.3858526118030294,35.15026169936775
2020-01-01,Króatía,1.0169032195410157,1.0169032195410157,40.803241684083254
2021-01-01,Króatía,1.7980871435228023,1.7980871435228023,65.50174594261635
2022-01-01,Króatía,499.5721466844281,0.5178254953971786,70.68318012171488
2023-01-01,Króatía,129.0609401349401,1.1685598201352725,45.443993005260594
2008-01-01,Lettland,0.2281219631263659,0.2281219631263659,2.5093415943900244
2009-01-01,Lettland,0.46235633432801593,0.46235633432801593,2.7741380059680956
2010-01-01,Lettland,1.178965000773401,1.178965000773401,3.0653090020108427
2011-01-01,Lettland,0.964038937532687,0.964038937532687,16.147652203672507
2012-01-01,Lettland,1.2226056857032892,1.2226056857032892,10.025366622766972
2013-01-01,Lettland,1.2352846713525132,1.2352846713525132,9.635220436549604
2014-01-01,Lettland,1.249083172951054,1.249083172951054,14.988998075412646
2015-01-01,Lettland,1.007000668648444,1.007000668648444,14.349759528240325
2016-01-01,Lettland,6.856421953348905,6.856421953348905,17.26802566028613
2017-01-01,Lettland,13.58893522231498,13.58893522231498,17.94765029362356
2018-01-01,Lettland,1.5508853228865698,1.5508853228865698,9.305311937319418
2019-01-01,Lettland,1.8229470491174853,1.8229470491174853,9.635577259620993
2020-01-01,Lettland,1.3104957605462146,1.3104957605462146,9.435569475932745
2021-01-01,Lettland,4.753798152674038,4.753798152674038,31.956087581864367
2022-01-01,Lettland,2045.3075744885932,12.261716203111598,31.987085747247647
2023-01-01,Lettland,650.0237917204813,6.107249677112366,89.75001699408607
2008-01-01,Liechtenstein,0,0,70.70935626202059
2009-01-01,Liechtenstein,0,0,786.7599539183456
2010-01-01,Liechtenstein,0,0,306.45790382793786
2011-01-01,Liechtenstein,41.494923787656646,41.494923787656646,207.47461893828321
2012-01-01,Liechtenstein,54.83207676490746,54.83207676490746,178.20424948594928
2013-01-01,Liechtenstein,13.572940984852599,13.572940984852599,257.88587871219937
2014-01-01,Liechtenstein,0,0,188.53187535349727
2015-01-01,Liechtenstein,13.381148637799068,13.381148637799068,361.2910132205748
2016-01-01,Liechtenstein,106.32076976237308,106.32076976237308,199.35144330444953
2017-01-01,Liechtenstein,52.89605924358636,52.89605924358636,370.27241470510444
2018-01-01,Liechtenstein,26.237078238967307,26.237078238967307,406.6747127039933
2019-01-01,Liechtenstein,39.084892386262965,39.084892386262965,117.25467715878888
2020-01-01,Liechtenstein,25.808449686427338,25.808449686427338,90.32957390249568
2021-01-01,Liechtenstein,12.802458071949815,12.802458071949815,217.64178722314685
2022-01-01,Liechtenstein,1093.9249007835556,25.44011397171059,203.52091177368473
2023-01-01,Liechtenstein,705.6985155127655,25.203518411170197,214.2299064949467
2008-01-01,Litáen,2.023280172943764,2.023280172943764,16.030604447169818
2009-01-01,Litáen,1.2563382263519456,1.2563382263519456,14.133805046459386
2010-01-01,Litáen,0.4774065747160386,0.4774065747160386,15.754416965629273
2011-01-01,Litáen,0.8189772088470505,0.8189772088470505,17.19852138578806
2012-01-01,Litáen,1.6646463408909387,1.6646463408909387,21.307473163404016
2013-01-01,Litáen,1.848965100615638,1.848965100615638,13.278931177148674
2014-01-01,Litáen,1.52653007501708,1.52653007501708,12.551469505695993
2015-01-01,Litáen,2.0501297732146444,2.0501297732146444,8.54220738839435
2016-01-01,Litáen,6.7344183690067565,6.7344183690067565,13.814191526167704
2017-01-01,Litáen,9.968251991814142,9.968251991814142,17.837924616930568
2018-01-01,Litáen,4.776732007642771,4.776732007642771,13.799448022079117
2019-01-01,Litáen,3.2003413697461065,3.2003413697461065,22.402389588222743
2020-01-01,Litáen,2.8469983918017836,2.8469983918017836,11.210056167719522
2021-01-01,Litáen,14.942572491933678,14.942572491933678,140.17556099575881
2022-01-01,Litáen,2343.3730173720724,10.869572964770468,36.17251330899024
2023-01-01,Litáen,441.5039623361947,14.174324593433122,19.949049427794765
2008-01-01,Lúxemborg,10.334870473068362,10.334870473068362,93.01383425761524
2009-01-01,Lúxemborg,22.289766970618036,22.289766970618036,98.27760891590678
2010-01-01,Lúxemborg,13.942390044336799,13.942390044336799,155.35806049403863
2011-01-01,Lúxemborg,6.838074398249453,6.838074398249453,421.0300093779306
2012-01-01,Lúxemborg,7.6211815498815865,7.6211815498815865,391.5382021251665
2013-01-01,Lúxemborg,24.206808071667048,24.206808071667048,199.2406510514134
2014-01-01,Lúxemborg,21.830883423082522,21.830883423082522,204.66453209139866
2015-01-01,Lúxemborg,32.86213181089886,32.86213181089886,439.64203368634963
2016-01-01,Lúxemborg,132.75511107177627,132.75511107177627,368.7641974216007
2017-01-01,Lúxemborg,190.46264646577512,190.46264646577512,406.32031246032034
2018-01-01,Lúxemborg,167.77269291783293,167.77269291783293,384.54830109384477
2019-01-01,Lúxemborg,109.1393628215946,109.1393628215946,365.6983127380297
2020-01-01,Lúxemborg,119.78764047097306,119.78764047097306,214.02058430813852
2021-01-01,Lúxemborg,135.49068107699338,135.49068107699338,223.71717108061696
2022-01-01,Lúxemborg,949.8029894777942,161.14112708921795,379.61130900825384
2023-01-01,Lúxemborg,271.63673618246725,137.70998881673827,402.5368903873888
2008-01-01,Malta,345.73059495086216,345.73059495086216,638.7434041468056
2009-01-01,Malta,411.26626205204826,411.26626205204826,580.3964704107309
2010-01-01,Malta,53.136631185888845,53.136631185888845,42.267774806957036
2011-01-01,Malta,213.25866468749774,213.25866468749774,455.4337584851647
2012-01-01,Malta,343.67470889434935,343.67470889434935,498.148706968813
2013-01-01,Malta,380.81544331188434,380.81544331188434,533.8534252035761
2014-01-01,Malta,289.61406590121356,289.61406590121356,305.9632470407982
2015-01-01,Malta,273.4699923656294,273.4699923656294,404.50769704082677
2016-01-01,Malta,256.8750208502452,256.8750208502452,410.332825514028
2017-01-01,Malta,164.35374149659864,164.35374149659864,391.83673469387753
2018-01-01,Malta,133.73010106626063,133.73010106626063,440.15104130470036
2019-01-01,Malta,81.14116940653349,81.14116940653349,821.5543402411516
2020-01-01,Malta,52.44194967515126,52.44194967515126,476.83328315739385
2021-01-01,Malta,34.87527246306612,34.87527246306612,305.15863405182853
2022-01-01,Malta,349.88292379088534,36.52623929685067,234.53690495872536
2023-01-01,Malta,165.11361477056587,59.957457877579785,150.35485590839238
2008-01-01,Noregur,64.38441846410021,64.38441846410021,304.0844419591355
2009-01-01,Noregur,93.9729774556535,93.9729774556535,358.38918231424395
2010-01-01,Noregur,109.09392554730674,109.09392554730674,206.96970214682435
2011-01-01,Noregur,81.60063248111652,81.60063248111652,183.72844772834205
2012-01-01,Noregur,103.89360332299078,103.89360332299078,195.6529151381805
2013-01-01,Noregur,114.12960094233634,114.12960094233634,236.6729192134659
2014-01-01,Noregur,96.10385949968057,96.10385949968057,222.15454283531048
2015-01-01,Noregur,120.98798986101286,120.98798986101286,601.0683336295119
2016-01-01,Noregur,245.11002620836078,245.11002620836078,67.03126303585454
2017-01-01,Noregur,90.71343549656667,90.71343549656667,67.03665830721123
2018-01-01,Noregur,27.569959243669153,27.569959243669153,49.94694671198967
2019-01-01,Noregur,33.68859947764841,33.68859947764841,42.69725003434548
2020-01-01,Noregur,21.33177335037391,21.33177335037391,25.80306208757019
2021-01-01,Noregur,20.49572195856006,20.49572195856006,30.69721252616914
2022-01-01,Noregur,638.4935680620504,20.27548859319444,74.28201730052145
2023-01-01,Noregur,648.6628490809957,39.80700253453098,76.88125889964336
2008-01-01,Portúgal,0.6632971801626006,0.6632971801626006,1.5161078403716586
2009-01-01,Portúgal,0.47334974657801265,0.47334974657801265,1.2780443157606343
2010-01-01,Portúgal,0.5201693784987893,0.5201693784987893,1.513220010178296
2011-01-01,Portúgal,0.614789702669729,0.614789702669729,2.553741841858874
2012-01-01,Portúgal,0.8997106719891655,0.8997106719891655,2.7464852092300847
2013-01-01,Portúgal,1.2852382579442718,1.2852382579442718,4.807743113050795
2014-01-01,Portúgal,0.9096051624210127,0.9096051624210127,2.776689443179934
2015-01-01,Portúgal,0.7695918113892085,0.7695918113892085,5.098545750453506
2016-01-01,Portúgal,1.6395728854766056,1.6395728854766056,12.779023960332367
2017-01-01,Portúgal,4.3984819727007975,4.3984819727007975,15.708864188217133
2018-01-01,Portúgal,5.563204289569137,5.563204289569137,11.126408579138275
2019-01-01,Portúgal,1.499976387468481,1.499976387468481,16.83844460771069
2020-01-01,Portúgal,0.8674368542113337,0.8674368542113337,9.54180539632467
2021-01-01,Portúgal,2.8861980757332604,2.8861980757332604,14.719610186239628
2022-01-01,Portúgal,555.5546492760805,6.381273715667907,18.75998513403122
2023-01-01,Portúgal,84.20004866582147,2.900171072058221,25.53101419172565
2008-01-01,Pólland,7.267357775775041,7.267357775775041,22.234966480033748
2009-01-01,Pólland,6.607951001309109,6.607951001309109,27.690461338819123
2010-01-01,Pólland,1.3018481062015599,1.3018481062015599,17.08182515106895
2011-01-01,Pólland,1.234804093601513,1.234804093601513,17.930931784745376
2012-01-01,Pólland,1.3529918406447785,1.3529918406447785,28.071296732600892
2013-01-01,Pólland,1.773397384068087,1.773397384068087,39.934281833829516
2014-01-01,Pólland,1.8543917889530648,1.8543917889530648,15.124472037560455
2015-01-01,Pólland,1.657649840889296,1.657649840889296,26.03562726285648
2016-01-01,Pólland,0.6452936796065257,0.6452936796065257,28.985538547223737
2017-01-01,Pólland,0.6583631448943517,0.6583631448943517,11.547689561446928
2018-01-01,Pólland,0.7636263795206781,0.7636263795206781,9.611159604311982
2019-01-01,Pólland,0.6583657802324463,0.6583657802324463,9.612140391393716
2020-01-01,Pólland,0.9220684112587398,0.9220684112587398,6.520340908186804
2021-01-01,Pólland,5.799312967530834,5.799312967530834,20.365029258073392
2022-01-01,Pólland,4258.119210910583,7.874813827067082,21.862434945024447
2023-01-01,Pólland,655.6340286059626,9.509237373855001,21.018271448649465
2008-01-01,Rúmenía,0.533062989630471,0.533062989630471,5.718312070581416
2009-01-01,Rúmenía,0.5626143269004501,0.5626143269004501,4.672145062521129
2010-01-01,Rúmenía,0.3449179275182569,0.3449179275182569,4.3114740939782115
2011-01-01,Rúmenía,0.37130442561705473,0.37130442561705473,8.490494532443318
2012-01-01,Rúmenía,1.1445065972345936,1.1445065972345936,12.490050256777518
2013-01-01,Rúmenía,4.5704126767963,4.5704126767963,7.417555000046454
2014-01-01,Rúmenía,3.6345751063890264,3.6345751063890264,7.5699426353757655
2015-01-01,Rúmenía,2.314972431446243,2.314972431446243,6.164872235916626
2016-01-01,Rúmenía,4.048463140134769,4.048463140134769,9.46328259006502
2017-01-01,Rúmenía,6.3378295270467255,6.3378295270467255,24.46045853611206
2018-01-01,Rúmenía,3.0460520580023602,3.0460520580023602,10.87875735000843
2019-01-01,Rúmenía,2.987464290787824,2.987464290787824,13.237557288490876
2020-01-01,Rúmenía,3.285246635105535,3.285246635105535,31.8436110851568
2021-01-01,Rúmenía,5.936986079642481,5.936986079642481,49.91755401173086
2022-01-01,Rúmenía,539.9513875705627,4.673767116687423,41.80133286385605
2023-01-01,Rúmenía,263.7165678241226,4.880724538834508,52.66459220129494
2008-01-01,Samtals,13.110424475514739,13.110424475514739,56.54542195663862
2009-01-01,Samtals,14.131042870375898,14.131042870375898,57.98225287607535
2010-01-01,Samtals,13.330170817586529,13.330170817586529,55.30584069302673
2011-01-01,Samtals,13.665932241887916,13.665932241887916,66.49020444508305
2012-01-01,Samtals,19.558076908105733,19.558076908105733,72.49277629096926
2013-01-01,Samtals,23.062089209008317,23.062089209008317,89.41661053521581
2014-01-01,Samtals,35.8549273365298,35.8549273365298,124.60463309584696
2015-01-01,Samtals,62.142858374745295,62.142858374745295,263.124312608127
2016-01-01,Samtals,133.00734121584676,133.00734121584676,244.57352462333648
2017-01-01,Samtals,86.49435855693376,86.49435855693376,137.59242321868945
2018-01-01,Samtals,44.117255023496966,44.117255023496966,128.12303982056534
2019-01-01,Samtals,44.18682417321463,44.18682417321463,141.25814997464246
2020-01-01,Samtals,48.21672712660756,48.21672712660756,103.40624793018938
2021-01-01,Samtals,45.62886100418349,45.62886100418349,138.4428048985451
2022-01-01,Samtals,1032.1791483068203,68.67172208753522,205.17079275656192
2023-01-01,Samtals,316.5618478954496,78.12557739123869,246.93147052489516
2008-01-01,Slóvakía,1.6740872132474611,1.6740872132474611,16.27584790657254
2009-01-01,Slóvakía,3.2513370891540787,3.2513370891540787,14.95615061010876
2010-01-01,Slóvakía,1.669631809083168,1.669631809083168,9.646761563591637
2011-01-01,Slóvakía,2.225335218934042,2.225335218934042,8.994063176525087
2012-01-01,Slóvakía,3.5157046526835374,3.5157046526835374,13.415188806292447
2013-01-01,Slóvakía,1.2012931088652474,1.2012931088652474,7.854608788734311
2014-01-01,Slóvakía,3.046557491586424,3.046557491586424,5.63151536323551
2015-01-01,Slóvakía,1.198963578991133,1.198963578991133,5.625906024496855
2016-01-01,Slóvakía,3.7779299597585956,3.7779299597585956,2.211471195956251
2017-01-01,Slóvakía,0.9199051467405094,0.9199051467405094,2.851705954895579
2018-01-01,Slóvakía,0.8267317273916431,0.8267317273916431,3.123208747923985
2019-01-01,Slóvakía,0.6421522300754382,0.6421522300754382,4.036385446188469
2020-01-01,Slóvakía,0.7328862360850097,0.7328862360850097,5.130203652595068
2021-01-01,Slóvakía,0.824208883103553,0.824208883103553,6.776828594406991
2022-01-01,Slóvakía,1928.8970602306065,1.0120131480748198,7.176093231803268
2023-01-01,Slóvakía,557.9510137798611,1.013116730204436,7.091817111431051
2008-01-01,Slóvenía,0.24872293210510635,0.24872293210510635,12.93359246946553
2009-01-01,Slóvenía,0.9840766556351673,0.9840766556351673,9.840766556351673
2010-01-01,Slóvenía,1.2213137818909454,1.2213137818909454,11.968875062531266
2011-01-01,Slóvenía,0.9755198179289811,0.9755198179289811,17.315476768239414
2012-01-01,Slóvenía,1.7027520364914357,1.7027520364914357,14.595017455640876
2013-01-01,Slóvenía,1.7000020885739946,1.7000020885739946,13.114301826142244
2014-01-01,Slóvenía,2.183316068963677,2.183316068963677,17.95170990036801
2015-01-01,Slóvenía,2.1814226171835993,2.1814226171835993,12.603775121505238
2016-01-01,Slóvenía,8.235683959019237,8.235683959019237,63.46321168420706
2017-01-01,Slóvenía,7.260775596049171,7.260775596049171,71.3976266944835
2018-01-01,Slóvenía,4.838210249264592,4.838210249264592,139.09854466635701
2019-01-01,Slóvenía,4.084755308740223,4.084755308740223,183.5737091692665
2020-01-01,Slóvenía,4.055612466666444,4.055612466666444,169.1428964039123
2021-01-01,Slóvenía,0.7112453099298854,0.7112453099298854,251.3066761752262
2022-01-01,Slóvenía,357.1123492060479,2.1355555766474623,312.7402500023728
2023-01-01,Slóvenía,78.17769909096577,3.542796031312648,338.6913005934892
2008-01-01,Spánn,0.6021598180767895,0.6021598180767895,9.875421016459349
2009-01-01,Spánn,0.7569323159557461,0.7569323159557461,6.477177960821313
2010-01-01,Spánn,1.31220556177682,1.31220556177682,5.894169244702438
2011-01-01,Spánn,2.1214055087201125,2.1214055087201125,7.307063418924832
2012-01-01,Spánn,1.121358332746489,1.121358332746489,5.435918013028219
2013-01-01,Spánn,1.1453000418516184,1.1453000418516184,9.590549883168691
2014-01-01,Spánn,3.4089141578205524,3.4089141578205524,10.15146676650663
2015-01-01,Spánn,2.197057915437481,2.197057915437481,24.641512306475278
2016-01-01,Spánn,14.62766748119149,14.62766748119149,28.404388179603803
2017-01-01,Spánn,8.312293981729255,8.312293981729255,73.87510951420438
2018-01-01,Spánn,5.831270057049973,5.831270057049973,111.59807456607955
2019-01-01,Spánn,81.73669526413751,81.73669526413751,246.04130642221733
2020-01-01,Spánn,107.2846408505845,107.2846408505845,184.76036100388754
2021-01-01,Spánn,41.803093694751716,41.803093694751716,135.60953129945196
2022-01-01,Spánn,410.2610064012889,71.15655172107357,247.93183240250357
2023-01-01,Spánn,179.6596681472351,109.08725422691533,337.6287431844382
2008-01-01,Sviss,63.54123674819523,63.54123674819523,218.27896354431834
2009-01-01,Sviss,78.22789727566966,78.22789727566966,207.4175367599706
2010-01-01,Sviss,100.2465255363414,100.2465255363414,199.7224179487647
2011-01-01,Sviss,81.89187121845701,81.89187121845701,303.107926751946
2012-01-01,Sviss,53.80492596668469,53.80492596668469,359.6633018473946
2013-01-01,Sviss,79.42470885899596,79.42470885899596,266.4490624525753
2014-01-01,Sviss,189.32062153677484,189.32062153677484,289.44801060392047
2015-01-01,Sviss,169.8903548650795,169.8903548650795,476.7126999322381
2016-01-01,Sviss,158.1578085884614,158.1578085884614,325.44241554649227
2017-01-01,Sviss,173.46532771941494,173.46532771941494,213.9069190158619
2018-01-01,Sviss,179.33482867424237,179.33482867424237,178.8633601795352
2019-01-01,Sviss,126.22114717409168,126.22114717409168,166.18825126305995
2020-01-01,Sviss,118.28911183584817,118.28911183584817,127.87541019189679
2021-01-01,Sviss,103.97564098128093,103.97564098128093,171.27435036849934
2022-01-01,Sviss,936.3423384310255,111.85757846823434,280.07306731560465
2023-01-01,Sviss,356.6491990990751,148.43367589730906,342.185848944771
2008-01-01,Svíþjóð,85.43027729611703,85.43027729611703,270.28419152194067
2009-01-01,Svíþjóð,76.65010829866253,76.65010829866253,260.6859920009481
2010-01-01,Svíþjóð,91.10683780905933,91.10683780905933,340.66035006865667
2011-01-01,Svíþjóð,93.51531558896593,93.51531558896593,313.52323863557916
2012-01-01,Svíþjóð,130.76230734309448,130.76230734309448,462.0443948578777
2013-01-01,Svíþjóð,251.2585689270485,251.2585689270485,567.1369488963512
2014-01-01,Svíþjóð,317.57835050862303,317.57835050862303,829.5088453294935
2015-01-01,Svíþjóð,331.8336102460616,331.8336102460616,1653.1151271293595
2016-01-01,Svíþjóð,675.6155227424742,675.6155227424742,286.72166538744176
2017-01-01,Svíþjóð,265.0284592942199,265.0284592942199,258.8754769436746
2018-01-01,Svíþjóð,106.91443939779305,106.91443939779305,277.0190673306033
2019-01-01,Svíþjóð,67.44746062754486,67.44746062754486,288.02020686820424
2020-01-01,Svíþjóð,52.77127120376304,52.77127120376304,190.02499034382564
2021-01-01,Svíþjóð,37.47846072397017,37.47846072397017,191.48699405884506
2022-01-01,Svíþjóð,499.8887329002176,46.353318868929264,206.6525670936785
2023-01-01,Svíþjóð,153.68449305406918,49.94508416815916,156.53578235006307
2008-01-01,Tékkland,1.8369162546012334,1.8369162546012334,12.858413782208634
2009-01-01,Tékkland,0.8152864873554341,0.8152864873554341,10.023227991605044
2010-01-01,Tékkland,1.5293314298254805,1.5293314298254805,6.451866969576245
2011-01-01,Tékkland,2.9084373385757676,2.9084373385757676,5.7691953765191455
2012-01-01,Tékkland,1.5706140958331607,1.5706140958331607,5.520946518686262
2013-01-01,Tékkland,3.1855840435521636,3.1855840435521636,5.372701446587977
2014-01-01,Tékkland,2.140325647217829,2.140325647217829,6.088037396530712
2015-01-01,Tékkland,2.751873527688355,2.751873527688355,7.876051820625292
2016-01-01,Tékkland,3.6479602738073704,3.6479602738073704,9.238340953148535
2017-01-01,Tékkland,1.039813514172658,1.039813514172658,9.594642880774982
2018-01-01,Tékkland,1.319503056298954,1.319503056298954,12.111153052458258
2019-01-01,Tékkland,1.1267817236004432,1.1267817236004432,15.11765479163928
2020-01-01,Tékkland,0.8883536739829917,0.8883536739829917,7.62113941364356
2021-01-01,Tékkland,2.429766410832909,2.429766410832909,9.861993079262982
2022-01-01,Tékkland,4365.1972047904355,1.5213887769241836,13.407238596644367
2023-01-01,Tékkland,912.950683392305,1.7547863413711475,11.821718510289836
2008-01-01,Ungverjaland,3.9321476564250646,3.9321476564250646,31.606503314302735
2009-01-01,Ungverjaland,3.8879570530282455,3.8879570530282455,46.45610222336313
2010-01-01,Ungverjaland,2.5962810869710227,2.5962810869710227,20.92003414309343
2011-01-01,Ungverjaland,1.5522162543679865,1.5522162543679865,16.924164321818694
2012-01-01,Ungverjaland,3.5239895589223638,3.5239895589223638,21.69770714136484
2013-01-01,Ungverjaland,3.638109193805109,3.638109193805109,190.9502033804098
2014-01-01,Ungverjaland,5.126790607760215,5.126790607760215,433.89907044687436
2015-01-01,Ungverjaland,4.27879050410061,4.27879050410061,1804.274267211282
2016-01-01,Ungverjaland,4.3457579063140495,4.3457579063140495,300.6753205533285
2017-01-01,Ungverjaland,13.244547635555634,13.244547635555634,34.80543913529737
2018-01-01,Ungverjaland,3.757596908681645,3.757596908681645,6.897506654292333
2019-01-01,Ungverjaland,0.6185393564221704,0.6185393564221704,5.15449463685142
2020-01-01,Ungverjaland,1.3416756662142124,1.3416756662142124,1.1868669354971877
2021-01-01,Ungverjaland,0.41444502547334544,0.41444502547334544,0.41444502547334544
2022-01-01,Ungverjaland,311.69348465407745,0.31216172724494484,0.46824259086741726
2023-01-01,Ungverjaland,71.87691671777914,0.2604236112963012,0.31250833355556146
2008-01-01,Írland,6.7298298586847896,6.7298298586847896,86.25398602214338
2009-01-01,Írland,2.7646781184795066,2.7646781184795066,59.16411173546144
2010-01-01,Írland,0.5495196319185621,0.5495196319185621,42.53281951049671
2011-01-01,Írland,1.640821539655047,1.640821539655047,28.003354276779465
2012-01-01,Írland,2.1789877163925464,2.1789877163925464,20.482484534089934
2013-01-01,Írland,3.2539520875078827,3.2539520875078827,20.282968012132468
2014-01-01,Írland,8.516873759662879,8.516873759662879,30.186388008931722
2015-01-01,Írland,7.054859226697639,7.054859226697639,69.05210697646477
2016-01-01,Írland,10.15596601644505,10.15596601644505,47.07713413872965
2017-01-01,Írland,15.836114550951343,15.836114550951343,60.73983410003048
2018-01-01,Írland,20.491242001979927,20.491242001979927,75.477790891715
2019-01-01,Írland,19.634391438109866,19.634391438109866,96.55262593792172
2020-01-01,Írland,18.752743087419702,18.752743087419702,31.22132226788493
2021-01-01,Írland,28.6171426947441,28.6171426947441,52.201615467309054
2022-01-01,Írland,1419.1127096972089,69.16585973163646,256.8740484843946
2023-01-01,Írland,685.3024673734373,58.61825949298051,247.7522553327914
2008-01-01,Ísland,3.1699840549802034,3.1699840549802034,23.774880412351525
2009-01-01,Ísland,1.5655920442874678,1.5655920442874678,10.959144310012274
2010-01-01,Ísland,3.1483172244435353,3.1483172244435353,14.167427509995907
2011-01-01,Ísland,3.140190672377627,3.140190672377627,23.5514300428322
2012-01-01,Ísland,3.1291559101932256,3.1291559101932256,37.5498709223187
2013-01-01,Ísland,3.1069698654992743,3.1069698654992743,52.81848771348767
2014-01-01,Ísland,7.67645875745768,7.67645875745768,47.59404429623761
2015-01-01,Ísland,13.673655423883318,13.673655423883318,109.38924339106654
2016-01-01,Ísland,27.065308589626767,27.065308589626767,335.3091008603761
2017-01-01,Ísland,20.688697173628412,20.688697173628412,317.7192780235792
2018-01-01,Ísland,30.13344812742144,30.13344812742144,213.80398909456164
2019-01-01,Ísland,85.43632752646425,85.43632752646425,233.89945404786116
2020-01-01,Ísland,105.73030807340155,105.73030807340155,174.38635227690904
2021-01-01,Ísland,69.14466691251437,69.14466691251437,235.90533417210784
2022-01-01,Ísland,859.8052348451022,247.17739363398613,583.3918054049457
2023-01-01,Ísland,479.68062554479854,78.65730687696966,652.4688078646991
2008-01-01,Ítalía,16.499505294493797,16.499505294493797,51.06626548773478
2009-01-01,Ítalía,15.221995768739566,15.221995768739566,29.863384733696357
2010-01-01,Ítalía,7.1870954745825095,7.1870954745825095,16.8033957133013
2011-01-01,Ítalía,11.89354255203429,11.89354255203429,67.27441390232019
2012-01-01,Ítalía,36.64409318430681,36.64409318430681,28.80783080527911
2013-01-01,Ítalía,23.83981673767155,23.83981673767155,44.10449046423091
2014-01-01,Ítalía,33.82996069145821,33.82996069145821,103.6441288977347
2015-01-01,Ítalía,46.404792052713326,46.404792052713326,130.81408052743973
2016-01-01,Ítalía,55.772821996089604,55.772821996089604,200.10400953983688
2017-01-01,Ítalía,50.82680206984452,50.82680206984452,209.94982014504066
2018-01-01,Ítalía,49.643155720393935,49.643155720393935,94.89842706691336
2019-01-01,Ítalía,29.899690342189377,29.899690342189377,70.1058716522064
2020-01-01,Ítalía,18.837558177622935,18.837558177622935,44.50760852915005
2021-01-01,Ítalía,35.84800399039688,35.84800399039688,89.47229627930469
2022-01-01,Ítalía,295.1204599183268,40.8266063029199,137.42134038559595
2023-01-01,Ítalía,70.78301901135953,34.51858673769964,228.08709179271062
2008-01-01,Þýskaland,9.566050734222065,9.566050734222065,32.71796118888411
2009-01-01,Þýskaland,11.902097056821148,11.902097056821148,40.181772338345986
2010-01-01,Þýskaland,12.768596348142324,12.768596348142324,59.31376685609054
2011-01-01,Þýskaland,12.041574846022725,12.041574846022725,66.42810802738623
2012-01-01,Þýskaland,21.337542746667097,21.337542746667097,96.49822788844224
2013-01-01,Þýskaland,24.98641829206505,24.98641829206505,157.52496164299163
2014-01-01,Þýskaland,50.19347952033605,50.19347952033605,247.76066075023303
2015-01-01,Þýskaland,173.4781684326213,173.4781684326213,581.2491578408345
2016-01-01,Þýskaland,527.9542303535922,527.9542303535922,903.886604704136
2017-01-01,Þýskaland,316.68052020237644,316.68052020237644,268.17203964637014
2018-01-01,Þýskaland,91.63286110814754,91.63286110814754,220.85977483596284
2019-01-01,Þýskaland,84.63101185986912,84.63101185986912,197.7855415227798
2020-01-01,Þýskaland,75.07210427018089,75.07210427018089,145.92376990837116
2021-01-01,Þýskaland,71.93792038872549,71.93792038872549,228.25437946141827
2022-01-01,Þýskaland,1109.7452141666981,154.32416910512188,291.62468419740213
2023-01-01,Þýskaland,558.4061754283146,160.32699357133208,415.8959265030241
