time,pop,land,name,value,per_pop
2023-05-01,6838937,Búlgaría,beneficiaries,157645,23.051096976035893
2023-05-01,6838937,Búlgaría,applicants,NA,NA
2023-05-01,6838937,Búlgaría,grants,2650,0.38748711970880856
2023-05-01,5873420,Danmörk,beneficiaries,35350,6.018639906562105
2023-05-01,5873420,Danmörk,applicants,NA,NA
2023-05-01,5873420,Danmörk,grants,815,0.13876072203247852
2023-05-01,10459782,Grikkland,beneficiaries,23645,2.2605633654697583
2023-05-01,10459782,Grikkland,applicants,NA,NA
2023-05-01,10459782,Grikkland,grants,335,0.03202743613585828
2023-05-01,47432893,Spánn,beneficiaries,178085,3.754462119778357
2023-05-01,47432893,Spánn,applicants,NA,NA
2023-05-01,47432893,Spánn,grants,2855,0.0601902987447972
2023-05-01,59030133,Ítalía,beneficiaries,158330,2.682189450598053
2023-05-01,59030133,Ítalía,applicants,NA,NA
2023-05-01,59030133,Ítalía,grants,2690,0.04556994645429648
2023-05-01,17590672,Holland,beneficiaries,123150,7.0008695517715305
2023-05-01,17590672,Holland,applicants,40725,2.3151474827112914
2023-05-01,17590672,Holland,grants,2260,0.12847718381651366
2023-05-01,5425270,Noregur,beneficiaries,45235,8.337833877392278
2023-05-01,5425270,Noregur,applicants,4030,0.7428201730052145
2023-05-01,5425270,Noregur,grants,1850,0.34099685361281556
2023-05-01,37654247,Pólland,beneficiaries,991375,26.328371405222896
2023-05-01,37654247,Pólland,applicants,2455,0.06519848876542399
2023-05-01,37654247,Pólland,grants,17515,0.4651533730046441
2023-05-01,10452326,Svíþjóð,beneficiaries,36930,3.5331848623933086
2023-05-01,10452326,Svíþjóð,applicants,NA,NA
2023-05-01,10452326,Svíþjóð,grants,1180,0.11289353202339843
2023-04-01,11617623,Belgía,beneficiaries,65420,5.631100268962076
2023-04-01,11617623,Belgía,applicants,40770,3.5093237231058367
2023-04-01,11617623,Belgía,grants,1035,0.08908879208767576
2023-04-01,6838937,Búlgaría,beneficiaries,155000,22.664340964100123
2023-04-01,6838937,Búlgaría,applicants,NA,NA
2023-04-01,6838937,Búlgaría,grants,1450,0.21202125418029147
2023-04-01,8738791,Sviss,beneficiaries,65645,7.511908683935798
2023-04-01,8738791,Sviss,applicants,15560,1.7805666710646817
2023-04-01,8738791,Sviss,grants,1210,0.13846308945940006
2023-04-01,83237124,Þýskaland,beneficiaries,1090390,13.099803880778005
2023-04-01,83237124,Þýskaland,applicants,NA,NA
2023-04-01,83237124,Þýskaland,grants,20570,0.24712530913489997
2023-04-01,5873420,Danmörk,beneficiaries,34930,5.947131313612852
2023-04-01,5873420,Danmörk,applicants,2430,0.4137282877778194
2023-04-01,5873420,Danmörk,grants,555,0.09449349782579826
2023-04-01,1331796,Eistland,beneficiaries,35135,26.38166806327696
2023-04-01,1331796,Eistland,applicants,380,0.28532898431891973
2023-04-01,1331796,Eistland,grants,645,0.4843084075939558
2023-04-01,10459782,Grikkland,beneficiaries,23310,2.2285359293339
2023-04-01,10459782,Grikkland,applicants,NA,NA
2023-04-01,10459782,Grikkland,grants,605,0.05784059361849033
2023-04-01,47432893,Spánn,beneficiaries,175230,3.69427182103356
2023-04-01,47432893,Spánn,applicants,146025,3.0785598508613
2023-04-01,47432893,Spánn,grants,2520,0.053127689259856024
2023-04-01,5548241,Finnland,beneficiaries,52145,9.398474219126387
2023-04-01,5548241,Finnland,applicants,5945,1.0715107725133064
2023-04-01,5548241,Finnland,grants,1115,0.2009645940037572
2023-04-01,67871925,Frakkland,beneficiaries,66760,0.9836173056827252
2023-04-01,67871925,Frakkland,applicants,143890,2.1200223803877667
2023-04-01,67871925,Frakkland,grants,1235,0.018196036137180432
2023-04-01,9689010,Ungverjaland,beneficiaries,30960,3.195372901875424
2023-04-01,9689010,Ungverjaland,applicants,25,0.002580242976320594
2023-04-01,9689010,Ungverjaland,grants,560,0.05779744266958131
2023-04-01,5060004,Írland,beneficiaries,81220,16.051370710378887
2023-04-01,5060004,Írland,applicants,NA,NA
2023-04-01,5060004,Írland,grants,1880,0.37154120826781956
2023-04-01,59030133,Ítalía,beneficiaries,156065,2.6438192168735246
2023-04-01,59030133,Ítalía,applicants,89080,1.5090597881593797
2023-04-01,59030133,Ítalía,grants,2530,0.042859466367795584
2023-04-01,645397,Lúxemborg,beneficiaries,4065,6.2984488617083745
2023-04-01,645397,Lúxemborg,applicants,NA,NA
2023-04-01,645397,Lúxemborg,grants,40,0.06197735657277614
2023-04-01,1875757,Latvía,beneficiaries,39685,21.15679163132538
2023-04-01,1875757,Latvía,applicants,NA,NA
2023-04-01,1875757,Latvía,grants,1955,1.0422458772644856
2023-04-01,17590672,Holland,beneficiaries,120890,6.872392367955016
2023-04-01,17590672,Holland,applicants,40475,2.3009354048554824
2023-04-01,17590672,Holland,grants,2090,0.11881297087456352
2023-04-01,5425270,Noregur,beneficiaries,43385,7.996837023779462
2023-04-01,5425270,Noregur,applicants,4545,0.8377463241460793
2023-04-01,5425270,Noregur,grants,1855,0.34191846673068804
2023-04-01,37654247,Pólland,beneficiaries,995035,26.425571596213302
2023-04-01,37654247,Pólland,applicants,2500,0.06639357308087983
2023-04-01,37654247,Pólland,grants,13980,0.37127286066827997
2023-04-01,10352042,Portúgal,beneficiaries,55375,5.349186179886056
2023-04-01,10352042,Portúgal,applicants,NA,NA
2023-04-01,10352042,Portúgal,grants,595,0.05747658288094271
2023-04-01,10452326,Svíþjóð,beneficiaries,33360,3.191634091780146
2023-04-01,10452326,Svíþjóð,applicants,13915,1.331282625513211
2023-04-01,10452326,Svíþjóð,grants,725,0.06936255145505413
2023-04-01,2107180,Slóvenía,beneficiaries,8365,3.969760533034672
2023-04-01,2107180,Slóvenía,applicants,990,0.46982222686244174
2023-04-01,2107180,Slóvenía,grants,135,0.06406666729942388
2023-03-01,11617623,Belgía,beneficiaries,64555,5.55664441856996
2023-03-01,11617623,Belgía,applicants,41315,3.5562352126592507
2023-03-01,11617623,Belgía,grants,1365,0.11749391420258688
2023-03-01,6838937,Búlgaría,beneficiaries,153545,22.451588602146796
2023-03-01,6838937,Búlgaría,applicants,10500,1.5353263233745245
2023-03-01,6838937,Búlgaría,grants,1960,0.2865942470299112
2023-03-01,8738791,Sviss,beneficiaries,65755,7.524496237523016
2023-03-01,8738791,Sviss,applicants,15570,1.781710994118065
2023-03-01,8738791,Sviss,grants,2215,0.25346755632443896
2023-03-01,83237124,Þýskaland,beneficiaries,1067905,12.829672010291947
2023-03-01,83237124,Þýskaland,applicants,293085,3.521085135041427
2023-03-01,83237124,Þýskaland,grants,29670,0.35645152756599324
2023-03-01,5873420,Danmörk,beneficiaries,34840,5.931808043695155
2023-03-01,5873420,Danmörk,applicants,2395,0.4077692383653817
2023-03-01,5873420,Danmörk,grants,1010,0.17196114018748873
2023-03-01,1331796,Eistland,beneficiaries,37020,27.797049998648443
2023-03-01,1331796,Eistland,applicants,330,0.24778569690853552
2023-03-01,1331796,Eistland,grants,885,0.6645161871637999
2023-03-01,10459782,Grikkland,beneficiaries,22705,2.1706953357154095
2023-03-01,10459782,Grikkland,applicants,19875,1.9001352035826367
2023-03-01,10459782,Grikkland,grants,425,0.040631821963402294
2023-03-01,47432893,Spánn,beneficiaries,172705,3.641038719691839
2023-03-01,47432893,Spánn,applicants,135005,2.846231622431295
2023-03-01,47432893,Spánn,grants,3695,0.07789952849808254
2023-03-01,5548241,Finnland,beneficiaries,51030,9.19750962512263
2023-03-01,5548241,Finnland,applicants,5940,1.0706095859931104
2023-03-01,5548241,Finnland,grants,2125,0.3830042710833938
2023-03-01,67871925,Frakkland,beneficiaries,67745,0.9981299336949703
2023-03-01,67871925,Frakkland,applicants,145020,2.1366713851124746
2023-03-01,67871925,Frakkland,grants,1655,0.024384161787071753
2023-03-01,9689010,Ungverjaland,beneficiaries,30585,3.156669257230615
2023-03-01,9689010,Ungverjaland,applicants,25,0.002580242976320594
2023-03-01,9689010,Ungverjaland,grants,795,0.0820517266469949
2023-03-01,5060004,Írland,beneficiaries,79335,15.678841360599716
2023-03-01,5060004,Írland,applicants,16160,3.1936733646850874
2023-03-01,5060004,Írland,grants,3160,0.624505435173569
2023-03-01,376248,Ísland,beneficiaries,2775,7.375454487465714
2023-03-01,376248,Ísland,applicants,1755,4.66447662180264
2023-03-01,376248,Ísland,grants,135,0.35880589398481855
2023-03-01,59030133,Ítalía,beneficiaries,155490,2.634078429062662
2023-03-01,59030133,Ítalía,applicants,85695,1.4517161938293448
2023-03-01,59030133,Ítalía,grants,6640,0.11248492358978761
2023-03-01,645397,Lúxemborg,beneficiaries,4065,6.2984488617083745
2023-03-01,645397,Lúxemborg,applicants,2685,4.160230059947598
2023-03-01,645397,Lúxemborg,grants,140,0.21692074800471647
2023-03-01,1875757,Latvía,beneficiaries,35985,19.184254676911774
2023-03-01,1875757,Latvía,applicants,250,0.13327952394686518
2023-03-01,1875757,Latvía,grants,1470,0.7836836008075673
2023-03-01,17590672,Holland,beneficiaries,118890,6.758695745108544
2023-03-01,17590672,Holland,applicants,40080,2.2784803218433045
2023-03-01,17590672,Holland,grants,2575,0.14638440191483304
2023-03-01,5425270,Noregur,beneficiaries,41530,7.654918557048774
2023-03-01,5425270,Noregur,applicants,4375,0.8064114781384152
2023-03-01,5425270,Noregur,grants,2910,0.5363788346017802
2023-03-01,37654247,Pólland,beneficiaries,999735,26.55039151360536
2023-03-01,37654247,Pólland,applicants,2625,0.06971325173492382
2023-03-01,37654247,Pólland,grants,19055,0.506051814022466
2023-03-01,10352042,Portúgal,beneficiaries,57895,5.592616413264166
2023-03-01,10352042,Portúgal,applicants,145,0.014006898349137301
2023-03-01,10352042,Portúgal,grants,820,0.07921142514684543
2023-03-01,10452326,Svíþjóð,beneficiaries,24720,2.3650238234054313
2023-03-01,10452326,Svíþjóð,applicants,14030,1.3422849612612542
2023-03-01,10452326,Svíþjóð,grants,1115,0.10667482051363496
2023-03-01,2107180,Slóvenía,beneficiaries,8215,3.8985753471464233
2023-03-01,2107180,Slóvenía,applicants,1075,0.5101604988657827
2023-03-01,2107180,Slóvenía,grants,170,0.08067654400668192
2023-02-01,11617623,Belgía,beneficiaries,63615,5.475732858606274
2023-02-01,11617623,Belgía,applicants,41730,3.5919568056219418
2023-02-01,11617623,Belgía,grants,1470,0.12653190760278588
2023-02-01,6838937,Búlgaría,beneficiaries,151590,22.16572546288992
2023-02-01,6838937,Búlgaría,applicants,10900,1.5938149452173633
2023-02-01,6838937,Búlgaría,grants,1795,0.2624676905197401
2023-02-01,8738791,Sviss,beneficiaries,65135,7.453548208213242
2023-02-01,8738791,Sviss,applicants,15920,1.8217623009864865
2023-02-01,8738791,Sviss,grants,1870,0.21398841098270915
2023-02-01,83237124,Þýskaland,beneficiaries,1034775,12.431652491981822
2023-02-01,83237124,Þýskaland,applicants,288420,3.465040430757795
2023-02-01,83237124,Þýskaland,grants,25525,0.30665403576413813
2023-02-01,5873420,Danmörk,beneficiaries,33875,5.767508538466515
2023-02-01,5873420,Danmörk,applicants,2540,0.43245672878833796
2023-02-01,5873420,Danmörk,grants,955,0.16259691968222945
2023-02-01,1331796,Eistland,beneficiaries,39815,29.895719764888916
2023-02-01,1331796,Eistland,applicants,410,0.30785495676515023
2023-02-01,1331796,Eistland,grants,775,0.5819209548609547
2023-02-01,10459782,Grikkland,beneficiaries,22280,2.1300635137520074
2023-02-01,10459782,Grikkland,applicants,21710,2.0755690701775618
2023-02-01,10459782,Grikkland,grants,315,0.030115350396404058
2023-02-01,47432893,Spánn,beneficiaries,169010,3.5631391911937564
2023-02-01,47432893,Spánn,applicants,141010,2.972831532750912
2023-02-01,47432893,Spánn,grants,3550,0.07484257812400354
2023-02-01,5548241,Finnland,beneficiaries,48905,8.814505354039236
2023-02-01,5548241,Finnland,applicants,6030,1.086830943356642
2023-02-01,5548241,Finnland,grants,2095,0.3775971519622165
2023-02-01,67871925,Frakkland,beneficiaries,69890,1.0297335754069155
2023-02-01,67871925,Frakkland,applicants,145035,2.136892389599971
2023-02-01,67871925,Frakkland,grants,1635,0.02408948913707693
2023-02-01,9689010,Ungverjaland,beneficiaries,29975,3.0937113286083924
2023-02-01,9689010,Ungverjaland,applicants,25,0.002580242976320594
2023-02-01,9689010,Ungverjaland,grants,695,0.07173075474171252
2023-02-01,5060004,Írland,beneficiaries,76175,15.054335925426146
2023-02-01,5060004,Írland,applicants,15880,3.1383374400494546
2023-02-01,5060004,Írland,grants,3110,0.6146240200600632
2023-02-01,376248,Ísland,beneficiaries,2635,7.003359486296273
2023-02-01,376248,Ísland,applicants,1530,4.06646679849461
2023-02-01,376248,Ísland,grants,145,0.38538410835406434
2023-02-01,59030133,Ítalía,beneficiaries,148060,2.5082105100457763
2023-02-01,59030133,Ítalía,applicants,78695,1.33313269004493
2023-02-01,59030133,Ítalía,grants,440,0.007453820237877493
2023-02-01,645397,Lúxemborg,beneficiaries,4665,7.228109210300017
2023-02-01,645397,Lúxemborg,applicants,2645,4.098252703374822
2023-02-01,645397,Lúxemborg,grants,75,0.11620754357395525
2023-02-01,1875757,Latvía,beneficiaries,36745,19.589424429710245
2023-02-01,1875757,Latvía,applicants,290,0.1546042477783636
2023-02-01,1875757,Latvía,grants,740,0.3945073908827209
2023-02-01,17590672,Holland,beneficiaries,116315,6.612311343193711
2023-02-01,17590672,Holland,applicants,39115,2.2236217013198813
2023-02-01,17590672,Holland,grants,2925,0.1662813109129657
2023-02-01,5425270,Noregur,beneficiaries,38620,7.118539722446994
2023-02-01,5425270,Noregur,applicants,4315,0.7953521207239456
2023-02-01,5425270,Noregur,grants,2915,0.5373004477196527
2023-02-01,37654247,Pólland,beneficiaries,993755,26.391578086795892
2023-02-01,37654247,Pólland,applicants,2735,0.07263456895048254
2023-02-01,37654247,Pólland,grants,24965,0.663006220785666
2023-02-01,10352042,Portúgal,beneficiaries,57865,5.589718434295379
2023-02-01,10352042,Portúgal,applicants,155,0.014972891338732978
2023-02-01,10352042,Portúgal,grants,955,0.09225233050638705
2023-02-01,10452326,Svíþjóð,beneficiaries,48365,4.627199725687852
2023-02-01,10452326,Svíþjóð,applicants,14505,1.3877293915249103
2023-02-01,10452326,Svíþjóð,grants,930,0.08897541083200046
2023-02-01,2107180,Slóvenía,beneficiaries,8030,3.8107802845509164
2023-02-01,2107180,Slóvenía,applicants,1080,0.5125333383953911
2023-02-01,2107180,Slóvenía,grants,130,0.06169382776981558
2023-01-01,11617623,Belgía,beneficiaries,62520,5.381479498861342
2023-01-01,11617623,Belgía,applicants,42150,3.6281087792227376
2023-01-01,11617623,Belgía,grants,1560,0.1342787590886707
2023-01-01,6838937,Búlgaría,beneficiaries,149790,21.902526664597143
2023-01-01,6838937,Búlgaría,applicants,11525,1.6852034168467993
2023-01-01,6838937,Búlgaría,grants,2405,0.3516628388300696
2023-01-01,8738791,Sviss,beneficiaries,63965,7.319662410967375
2023-01-01,8738791,Sviss,applicants,16200,1.8538033464812238
2023-01-01,8738791,Sviss,grants,2145,0.2454572949507546
2023-01-01,83237124,Þýskaland,beneficiaries,1005095,12.075080825714258
2023-01-01,83237124,Þýskaland,applicants,280200,3.366286418065093
2023-01-01,83237124,Þýskaland,grants,28730,0.34515848961816603
2023-01-01,5873420,Danmörk,beneficiaries,32925,5.605762911557491
2023-01-01,5873420,Danmörk,applicants,2615,0.44522612038641884
2023-01-01,5873420,Danmörk,grants,770,0.13109908707363002
2023-01-01,1331796,Eistland,beneficiaries,39085,29.34758776869731
2023-01-01,1331796,Eistland,applicants,495,0.3716785453628033
2023-01-01,1331796,Eistland,grants,1060,0.7959176931001445
2023-01-01,10459782,Grikkland,beneficiaries,21985,2.1018602490950578
2023-01-01,10459782,Grikkland,applicants,22725,2.172607421454864
2023-01-01,10459782,Grikkland,grants,455,0.043499950572583636
2023-01-01,47432893,Spánn,beneficiaries,165455,3.488191200987888
2023-01-01,47432893,Spánn,applicants,132795,2.7996394822470556
2023-01-01,47432893,Spánn,grants,4415,0.09307886828661284
2023-01-01,5548241,Finnland,beneficiaries,46810,8.436908202077019
2023-01-01,5548241,Finnland,applicants,6045,1.089534502917231
2023-01-01,5548241,Finnland,grants,1595,0.2874784999425944
2023-01-01,67871925,Frakkland,beneficiaries,69645,1.0261238354444786
2023-01-01,67871925,Frakkland,applicants,145395,2.142196497299878
2023-01-01,67871925,Frakkland,grants,2115,0.031161632736952726
2023-01-01,9689010,Ungverjaland,beneficiaries,29555,3.0503632466062065
2023-01-01,9689010,Ungverjaland,applicants,30,0.0030962915715847133
2023-01-01,9689010,Ungverjaland,grants,740,0.07637519209908959
2023-01-01,5060004,Írland,beneficiaries,73065,14.439711905366083
2023-01-01,5060004,Írland,applicants,15600,3.083001515413822
2023-01-01,5060004,Írland,grants,2570,0.5079047368342001
2023-01-01,376248,Ísland,beneficiaries,2485,6.604686270757585
2023-01-01,376248,Ísland,applicants,1360,3.614637154217431
2023-01-01,376248,Ísland,grants,170,0.45182964427717887
2023-01-01,59030133,Ítalía,beneficiaries,146520,2.482122139213205
2023-01-01,59030133,Ítalía,applicants,74630,1.2642695553472665
2023-01-01,59030133,Ítalía,grants,920,0.015585260497380212
2023-01-01,645397,Lúxemborg,beneficiaries,4685,7.259097888586405
2023-01-01,645397,Lúxemborg,applicants,2640,4.090505533803225
2023-01-01,645397,Lúxemborg,grants,90,0.13944905228874632
2023-01-01,1875757,Latvía,beneficiaries,36235,19.31753420085864
2023-01-01,1875757,Latvía,applicants,315,0.16793220017305013
2023-01-01,1875757,Latvía,grants,590,0.31453967651460185
2023-01-01,17590672,Holland,beneficiaries,113390,6.446030032280745
2023-01-01,17590672,Holland,applicants,38925,2.2128205221494666
2023-01-01,17590672,Holland,grants,3265,0.18560973679686596
2023-01-01,5425270,Noregur,beneficiaries,35705,6.5812392747273405
2023-01-01,5425270,Noregur,applicants,4335,0.7990385731954354
2023-01-01,5425270,Noregur,grants,2165,0.39905848003878147
2023-01-01,37654247,Pólland,beneficiaries,974060,25.868529518064722
2023-01-01,37654247,Pólland,applicants,2880,0.07648539618917356
2023-01-01,37654247,Pólland,grants,28500,0.75688673312203
2023-01-01,10352042,Portúgal,beneficiaries,56925,5.498915093273385
2023-01-01,10352042,Portúgal,applicants,175,0.016904877317924328
2023-01-01,10352042,Portúgal,grants,1170,0.11302117978269408
2023-01-01,10452326,Svíþjóð,beneficiaries,47320,4.527221979107808
2023-01-01,10452326,Svíþjóð,applicants,14835,1.4193013114975557
2023-01-01,10452326,Svíþjóð,grants,1065,0.10189119627535537
2023-01-01,2107180,Slóvenía,beneficiaries,7885,3.7419679381922757
2023-01-01,2107180,Slóvenía,applicants,1025,0.4864321035696998
2023-01-01,2107180,Slóvenía,grants,190,0.09016790212511508
2022-12-01,11617623,Belgía,beneficiaries,63210,5.440872026919792
2022-12-01,11617623,Belgía,applicants,41820,3.5997036571078267
2022-12-01,11617623,Belgía,grants,1735,0.1493420814223357
2022-12-01,6838937,Búlgaría,beneficiaries,147385,21.550863825767077
2022-12-01,6838937,Búlgaría,applicants,11185,1.6354880882803864
2022-12-01,6838937,Búlgaría,grants,2495,0.3648227787447084
2022-12-01,8738791,Sviss,beneficiaries,62820,7.188637421354968
2022-12-01,8738791,Sviss,applicants,15600,1.7851439632782156
2022-12-01,8738791,Sviss,grants,2290,0.262049979224815
2022-12-01,83237124,Þýskaland,beneficiaries,967840,11.627504093005424
2022-12-01,83237124,Þýskaland,applicants,268955,3.231190448146671
2022-12-01,83237124,Þýskaland,grants,25635,0.30797556148143707
2022-12-01,5873420,Danmörk,beneficiaries,32160,5.475515117257066
2022-12-01,5873420,Danmörk,applicants,2585,0.4401183637471865
2022-12-01,5873420,Danmörk,grants,1480,0.25198266086879534
2022-12-01,1331796,Eistland,beneficiaries,38385,28.82198174495193
2022-12-01,1331796,Eistland,applicants,670,0.5030800512991479
2022-12-01,1331796,Eistland,grants,1185,0.8897759116261049
2022-12-01,10459782,Grikkland,beneficiaries,21530,2.0583602985224743
2022-12-01,10459782,Grikkland,applicants,22590,2.159700842713548
2022-12-01,10459782,Grikkland,grants,505,0.0482801649212192
2022-12-01,47432893,Spánn,beneficiaries,161035,3.3950069206194105
2022-12-01,47432893,Spánn,applicants,134765,2.8411718425017845
2022-12-01,47432893,Spánn,grants,4695,0.09898194487104128
2022-12-01,5548241,Finnland,beneficiaries,45215,8.149429702134425
2022-12-01,5548241,Finnland,applicants,6080,1.0958428085586045
2022-12-01,5548241,Finnland,grants,1820,0.32803189335142435
2022-12-01,67871925,Frakkland,beneficiaries,68430,1.0082224719572932
2022-12-01,67871925,Frakkland,applicants,143005,2.106983115625496
2022-12-01,67871925,Frakkland,grants,2400,0.03536071799937898
2022-12-01,9689010,Ungverjaland,beneficiaries,28910,2.9837929778171355
2022-12-01,9689010,Ungverjaland,applicants,30,0.0030962915715847133
2022-12-01,9689010,Ungverjaland,grants,415,0.04283203340692186
2022-12-01,5060004,Írland,beneficiaries,70495,13.931807168531883
2022-12-01,5060004,Írland,applicants,14865,2.9377447132452863
2022-12-01,5060004,Írland,grants,4570,0.9031613413744337
2022-12-01,376248,Ísland,beneficiaries,2315,6.152856626480407
2022-12-01,376248,Ísland,applicants,1165,3.0963619740171375
2022-12-01,376248,Ísland,grants,205,0.5448533945695393
2022-12-01,59030133,Ítalía,beneficiaries,145800,2.4699249788239506
2022-12-01,59030133,Ítalía,applicants,80005,1.3553247457531563
2022-12-01,59030133,Ítalía,grants,2945,0.04988977409215731
2022-12-01,645397,Lúxemborg,beneficiaries,4655,7.2126148711568225
2022-12-01,645397,Lúxemborg,applicants,2570,3.982045159800867
2022-12-01,645397,Lúxemborg,grants,135,0.20917357843311946
2022-12-01,1875757,Latvía,beneficiaries,35865,19.12028050541728
2022-12-01,1875757,Latvía,applicants,295,0.15726983825730093
2022-12-01,1875757,Latvía,grants,1060,0.5651051815347083
2022-12-01,17590672,Holland,beneficiaries,109820,6.2430815604997925
2022-12-01,17590672,Holland,applicants,38400,2.1829751586522677
2022-12-01,17590672,Holland,grants,3225,0.18333580433993651
2022-12-01,5425270,Noregur,beneficiaries,33555,6.184945634042177
2022-12-01,5425270,Noregur,applicants,4230,0.7796846977201135
2022-12-01,5425270,Noregur,grants,2340,0.43131493916431807
2022-12-01,37654247,Pólland,beneficiaries,961340,25.530719018229206
2022-12-01,37654247,Pólland,applicants,2825,0.0750247375813942
2022-12-01,37654247,Pólland,grants,31940,0.8482442896813207
2022-12-01,10352042,Portúgal,beneficiaries,55920,5.4018327978190195
2022-12-01,10352042,Portúgal,applicants,225,0.02173484226590271
2022-12-01,10352042,Portúgal,grants,1185,0.11447016926708758
2022-12-01,10452326,Svíþjóð,beneficiaries,46305,4.430114407070732
2022-12-01,10452326,Svíþjóð,applicants,14965,1.4317387345170827
2022-12-01,10452326,Svíþjóð,grants,1310,0.12533095504292538
2022-12-01,2107180,Slóvenía,beneficiaries,7675,3.6423086779487277
2022-12-01,2107180,Slóvenía,applicants,1020,0.48405926404009153
2022-12-01,2107180,Slóvenía,grants,235,0.11152345789158971
2022-11-01,11617623,Belgía,beneficiaries,61475,5.291529945497457
2022-11-01,11617623,Belgía,applicants,41815,3.599273276469722
2022-11-01,11617623,Belgía,grants,1920,0.16526616503221012
2022-11-01,6838937,Búlgaría,beneficiaries,144890,21.186041047022368
2022-11-01,6838937,Búlgaría,applicants,11575,1.6925144945771544
2022-11-01,6838937,Búlgaría,grants,2840,0.4152692150841571
2022-11-01,8738791,Sviss,beneficiaries,61555,7.043880555101959
2022-11-01,8738791,Sviss,applicants,14560,1.6661343657263346
2022-11-01,8738791,Sviss,grants,2490,0.2849364402924844
2022-11-01,83237124,Þýskaland,beneficiaries,931660,11.19284227071565
2022-11-01,83237124,Þýskaland,applicants,259065,3.1123732722913395
2022-11-01,83237124,Þýskaland,grants,37150,0.44631527634232054
2022-11-01,5873420,Danmörk,beneficiaries,30685,5.224383749161476
2022-11-01,5873420,Danmörk,applicants,2705,0.46054939030411585
2022-11-01,5873420,Danmörk,grants,845,0.14386847867171088
2022-11-01,1331796,Eistland,beneficiaries,37455,28.12367659911878
2022-11-01,1331796,Eistland,applicants,675,0.5068343800401863
2022-11-01,1331796,Eistland,grants,1870,1.4041189491483679
2022-11-01,10459782,Grikkland,beneficiaries,21025,2.010080133601255
2022-11-01,10459782,Grikkland,applicants,20960,2.0038658549480286
2022-11-01,10459782,Grikkland,grants,605,0.05784059361849033
2022-11-01,47432893,Spánn,beneficiaries,156340,3.2960249757483697
2022-11-01,47432893,Spánn,applicants,136865,2.8854449168849983
2022-11-01,47432893,Spánn,grants,5310,0.11194763094041091
2022-11-01,5548241,Finnland,beneficiaries,43395,7.821397808783
2022-11-01,5548241,Finnland,applicants,6235,1.1237795906846872
2022-11-01,5548241,Finnland,grants,1980,0.35686986199770343
2022-11-01,67871925,Frakkland,beneficiaries,67035,0.9876690546201542
2022-11-01,67871925,Frakkland,applicants,139275,2.0520266664014613
2022-11-01,67871925,Frakkland,grants,3005,0.04427456566172243
2022-11-01,9689010,Ungverjaland,beneficiaries,28585,2.9502498191249673
2022-11-01,9689010,Ungverjaland,applicants,25,0.002580242976320594
2022-11-01,9689010,Ungverjaland,grants,1060,0.1094023021959932
2022-11-01,5060004,Írland,beneficiaries,65920,13.0276576856461
2022-11-01,5060004,Írland,applicants,14020,2.7707487978270375
2022-11-01,5060004,Írland,grants,4130,0.8162048883755824
2022-11-01,376248,Ísland,beneficiaries,2110,5.6080032319108675
2022-11-01,376248,Ísland,applicants,890,2.365461078862878
2022-11-01,376248,Ísland,grants,170,0.45182964427717887
2022-11-01,59030133,Ítalía,beneficiaries,143195,2.425794974915608
2022-11-01,59030133,Ítalía,applicants,71930,1.2185302038875638
2022-11-01,59030133,Ítalía,grants,7640,0.12942542413041827
2022-11-01,645397,Lúxemborg,beneficiaries,4535,7.026682801438495
2022-11-01,645397,Lúxemborg,applicants,2525,3.912320633656494
2022-11-01,645397,Lúxemborg,grants,120,0.18593206971832843
2022-11-01,1875757,Latvía,beneficiaries,35005,18.66179894304006
2022-11-01,1875757,Latvía,applicants,235,0.12528275251005327
2022-11-01,1875757,Latvía,grants,1270,0.6770599816500752
2022-11-01,17590672,Holland,beneficiaries,106520,6.055482132803113
2022-11-01,17590672,Holland,applicants,37665,2.1411916497561894
2022-11-01,17590672,Holland,grants,4210,0.2393313910918241
2022-11-01,5425270,Noregur,beneficiaries,31215,5.753630694877859
2022-11-01,5425270,Noregur,applicants,4025,0.7418985598873421
2022-11-01,5425270,Noregur,grants,2125,0.39168557509580165
2022-11-01,37654247,Pólland,beneficiaries,944360,25.079773869863867
2022-11-01,37654247,Pólland,applicants,5720,0.15190849520905303
2022-11-01,37654247,Pólland,grants,40480,1.0750447353256063
2022-11-01,10352042,Portúgal,beneficiaries,55020,5.314893428755409
2022-11-01,10352042,Portúgal,applicants,165,0.015938884328328653
2022-11-01,10352042,Portúgal,grants,1350,0.13040905359541624
2022-11-01,10452326,Svíþjóð,beneficiaries,46055,4.406196285879334
2022-11-01,10452326,Svíþjóð,applicants,14975,1.4326954593647385
2022-11-01,10452326,Svíþjóð,grants,1545,0.14781398896283945
2022-11-01,2107180,Slóvenía,beneficiaries,7420,3.521293861938705
2022-11-01,2107180,Slóvenía,applicants,1075,0.5101604988657827
2022-11-01,2107180,Slóvenía,grants,240,0.113896297421198
2022-10-01,11617623,Belgía,beneficiaries,56545,4.867174636326209
2022-10-01,11617623,Belgía,applicants,40360,3.4740325107812504
2022-10-01,11617623,Belgía,grants,2095,0.1803294873658751
2022-10-01,6838937,Búlgaría,beneficiaries,142050,20.77077183193821
2022-10-01,6838937,Búlgaría,applicants,10745,1.5711506042532635
2022-10-01,6838937,Búlgaría,grants,7260,1.0615684864475283
2022-10-01,8738791,Sviss,beneficiaries,60600,6.9345977035038375
2022-10-01,8738791,Sviss,applicants,12570,1.4384140781030237
2022-10-01,8738791,Sviss,grants,2355,0.26948807907180755
2022-10-01,83237124,Þýskaland,beneficiaries,873965,10.49970203199236
2022-10-01,83237124,Þýskaland,applicants,246690,2.96370162909521
2022-10-01,83237124,Þýskaland,grants,38315,0.46031143507553196
2022-10-01,5873420,Danmörk,beneficiaries,29845,5.081366563262971
2022-10-01,5873420,Danmörk,applicants,2695,0.458846804757705
2022-10-01,5873420,Danmörk,grants,810,0.13790942925927313
2022-10-01,1331796,Eistland,beneficiaries,36000,27.031166935476605
2022-10-01,1331796,Eistland,applicants,570,0.4279934764783796
2022-10-01,1331796,Eistland,grants,2330,1.7495171933239024
2022-10-01,10459782,Grikkland,beneficiaries,20415,1.951761518547901
2022-10-01,10459782,Grikkland,applicants,21040,2.0115141979058455
2022-10-01,10459782,Grikkland,grants,635,0.060708722227671666
2022-10-01,47432893,Spánn,beneficiaries,151020,3.1838665206442287
2022-10-01,47432893,Spánn,applicants,134185,2.8289440410054683
2022-10-01,47432893,Spánn,grants,5155,0.1086798564026023
2022-10-01,5548241,Finnland,beneficiaries,41415,7.464527946785297
2022-10-01,5548241,Finnland,applicants,6210,1.1192736580837062
2022-10-01,5548241,Finnland,grants,2670,0.48123360178478186
2022-10-01,67871925,Frakkland,beneficiaries,65910,0.9710937180579452
2022-10-01,67871925,Frakkland,applicants,137075,2.0196126749020307
2022-10-01,67871925,Frakkland,grants,3250,0.04788430562415903
2022-10-01,9689010,Ungverjaland,beneficiaries,27605,2.8491042944532
2022-10-01,9689010,Ungverjaland,applicants,25,0.002580242976320594
2022-10-01,9689010,Ungverjaland,grants,1260,0.13004424600655795
2022-10-01,5060004,Írland,beneficiaries,61790,12.211452797270516
2022-10-01,5060004,Írland,applicants,13085,2.5859663352044784
2022-10-01,5060004,Írland,grants,6135,1.2124496344271665
2022-10-01,376248,Ísland,beneficiaries,1935,5.142884480449065
2022-10-01,376248,Ísland,applicants,735,1.9534987561395674
2022-10-01,376248,Ísland,grants,225,0.5980098233080309
2022-10-01,59030133,Ítalía,beneficiaries,136095,2.30551742107713
2022-10-01,59030133,Ítalía,applicants,67510,1.1436531914979762
2022-10-01,59030133,Ítalía,grants,8670,0.14687413968726784
2022-10-01,645397,Lúxemborg,beneficiaries,4470,6.925969597007733
2022-10-01,645397,Lúxemborg,applicants,2435,3.7728715813677476
2022-10-01,645397,Lúxemborg,grants,145,0.2246679175763135
2022-10-01,1875757,Latvía,beneficiaries,33080,17.635546608649204
2022-10-01,1875757,Latvía,applicants,190,0.10129243819961754
2022-10-01,1875757,Latvía,grants,1705,0.9089663533176205
2022-10-01,17590672,Holland,beneficiaries,101835,5.789147793785252
2022-10-01,17590672,Holland,applicants,35285,2.0058926685688867
2022-10-01,17590672,Holland,grants,4495,0.25553315984744646
2022-10-01,5425270,Noregur,beneficiaries,29090,5.361945119782057
2022-10-01,5425270,Noregur,applicants,3675,0.6773856416362688
2022-10-01,5425270,Noregur,grants,2700,0.4976710836511362
2022-10-01,37654247,Pólland,beneficiaries,1016685,27.000539939093724
2022-10-01,37654247,Pólland,applicants,5555,0.14752651938571498
2022-10-01,37654247,Pólland,grants,54660,1.4516290818403565
2022-10-01,10352042,Portúgal,beneficiaries,53720,5.189314340107971
2022-10-01,10352042,Portúgal,applicants,150,0.014489894843935138
2022-10-01,10352042,Portúgal,grants,1635,0.157939853798893
2022-10-01,10452326,Svíþjóð,beneficiaries,44495,4.256947209645011
2022-10-01,10452326,Svíþjóð,applicants,15125,1.4470463320795774
2022-10-01,10452326,Svíþjóð,grants,1445,0.13824674048628027
2022-10-01,2107180,Slóvenía,beneficiaries,7170,3.40265188545829
2022-10-01,2107180,Slóvenía,applicants,1165,0.5528716103987319
2022-10-01,2107180,Slóvenía,grants,160,0.07593086494746533
2022-09-01,11617623,Belgía,beneficiaries,57580,4.956263428413885
2022-09-01,11617623,Belgía,applicants,38330,3.2992979717107365
2022-09-01,11617623,Belgía,grants,2200,0.1893674807660741
2022-09-01,6838937,Búlgaría,beneficiaries,134790,19.70920334549068
2022-09-01,6838937,Búlgaría,applicants,9420,1.377407044398859
2022-09-01,6838937,Búlgaría,grants,4495,0.6572658879589035
2022-09-01,8738791,Sviss,beneficiaries,59990,6.864793997247445
2022-09-01,8738791,Sviss,applicants,10880,1.245023482081217
2022-09-01,8738791,Sviss,grants,2875,0.32899287784774806
2022-09-01,83237124,Þýskaland,beneficiaries,813815,9.777067742032989
2022-09-01,83237124,Þýskaland,applicants,239015,2.8714951756382168
2022-09-01,83237124,Þýskaland,grants,53180,0.6388976149632465
2022-09-01,5873420,Danmörk,beneficiaries,29780,5.070299757211301
2022-09-01,5873420,Danmörk,applicants,2720,0.463103268623732
2022-09-01,5873420,Danmörk,grants,1840,0.3132757405395834
2022-09-01,1331796,Eistland,beneficiaries,34025,25.548207082766428
2022-09-01,1331796,Eistland,applicants,405,0.3041006280241118
2022-09-01,1331796,Eistland,grants,2400,1.8020777956984404
2022-09-01,10459782,Grikkland,beneficiaries,19780,1.8910527963202293
2022-09-01,10459782,Grikkland,applicants,21705,2.0750910487426983
2022-09-01,10459782,Grikkland,grants,700,0.0669230008808979
2022-09-01,47432893,Spánn,beneficiaries,145865,3.0751866642416266
2022-09-01,47432893,Spánn,applicants,131315,2.768437506015077
2022-09-01,47432893,Spánn,grants,5860,0.12354295994553821
2022-09-01,5548241,Finnland,beneficiaries,38745,6.983294345000514
2022-09-01,5548241,Finnland,applicants,5850,1.0543882286295783
2022-09-01,5548241,Finnland,grants,2685,0.4839371613453705
2022-09-01,67871925,Frakkland,beneficiaries,67515,0.9947411982200299
2022-09-01,67871925,Frakkland,applicants,135765,2.0003116163273695
2022-09-01,67871925,Frakkland,grants,3630,0.05348308597406071
2022-09-01,9689010,Ungverjaland,beneficiaries,26440,2.7288649717566607
2022-09-01,9689010,Ungverjaland,applicants,30,0.0030962915715847133
2022-09-01,9689010,Ungverjaland,grants,1235,0.12746400303023733
2022-09-01,5060004,Írland,beneficiaries,55655,10.99900316284335
2022-09-01,5060004,Írland,applicants,12205,2.4120534292067757
2022-09-01,5060004,Írland,grants,4925,0.9733193886803252
2022-09-01,376248,Ísland,beneficiaries,1710,4.544874657141034
2022-09-01,376248,Ísland,applicants,625,1.6611383980778636
2022-09-01,376248,Ísland,grants,180,0.4784078586464247
2022-09-01,59030133,Ítalía,beneficiaries,127970,2.1678758541845062
2022-09-01,59030133,Ítalía,applicants,62610,1.0606447388488858
2022-09-01,59030133,Ítalía,grants,12450,0.21090923173085177
2022-09-01,645397,Lúxemborg,beneficiaries,4380,6.786520544718987
2022-09-01,645397,Lúxemborg,applicants,2260,3.5017206463618518
2022-09-01,645397,Lúxemborg,grants,165,0.25565659586270156
2022-09-01,1875757,Latvía,beneficiaries,31830,16.969148988914878
2022-09-01,1875757,Latvía,applicants,210,0.11195480011536676
2022-09-01,1875757,Latvía,grants,1885,1.0049276105593636
2022-09-01,17590672,Holland,beneficiaries,96345,5.477050564071685
2022-09-01,17590672,Holland,applicants,32705,1.8592240250969378
2022-09-01,17590672,Holland,grants,4930,0.2802621753165541
2022-09-01,5425270,Noregur,beneficiaries,26400,4.866117262366665
2022-09-01,5425270,Noregur,applicants,3165,0.5833811036132763
2022-09-01,5425270,Noregur,grants,3335,0.6147159496209406
2022-09-01,37654247,Pólland,beneficiaries,1370625,36.40027644159236
2022-09-01,37654247,Pólland,applicants,5685,0.15097898518592073
2022-09-01,37654247,Pólland,grants,53710,1.4263995240696221
2022-09-01,10352042,Portúgal,beneficiaries,52180,5.040551419710237
2022-09-01,10352042,Portúgal,applicants,125,0.012074912369945949
2022-09-01,10352042,Portúgal,grants,1830,0.1767767170960087
2022-09-01,10452326,Svíþjóð,beneficiaries,43045,4.118222106734903
2022-09-01,10452326,Svíþjóð,applicants,15170,1.4513515938940291
2022-09-01,10452326,Svíþjóð,grants,1475,0.14111691502924803
2022-09-01,2107180,Slóvenía,beneficiaries,6990,3.317229662392392
2022-09-01,2107180,Slóvenía,applicants,1240,0.5884642033428563
2022-09-01,2107180,Slóvenía,grants,265,0.12576049506923945
2022-08-01,11617623,Belgía,beneficiaries,55405,4.769047850838334
2022-08-01,11617623,Belgía,applicants,36590,3.149525509650296
2022-08-01,11617623,Belgía,grants,3105,0.2672663762630273
2022-08-01,6838937,Búlgaría,beneficiaries,130290,19.05120634975874
2022-08-01,6838937,Búlgaría,applicants,7770,1.136141479297148
2022-08-01,6838937,Búlgaría,grants,4495,0.6572658879589035
2022-08-01,8738791,Sviss,beneficiaries,58810,6.729763876948196
2022-08-01,8738791,Sviss,applicants,9785,1.1197201077357268
2022-08-01,8738791,Sviss,grants,2825,0.3232712625808307
2022-08-01,83237124,Þýskaland,beneficiaries,699935,8.40892820852388
2022-08-01,83237124,Þýskaland,applicants,238810,2.8690323322559776
2022-08-01,83237124,Þýskaland,grants,63490,0.762760616284628
2022-08-01,5873420,Danmörk,beneficiaries,27940,4.757024016671718
2022-08-01,5873420,Danmörk,applicants,2750,0.4682110252629644
2022-08-01,5873420,Danmörk,grants,1510,0.2570904175080277
2022-08-01,1331796,Eistland,beneficiaries,32045,24.061492901315216
2022-08-01,1331796,Eistland,applicants,445,0.33413525795241916
2022-08-01,1331796,Eistland,grants,2575,1.9334793016347849
2022-08-01,10459782,Grikkland,beneficiaries,19080,1.8241297954393312
2022-08-01,10459782,Grikkland,applicants,21670,2.0717448986986535
2022-08-01,10459782,Grikkland,grants,1035,0.09895043701675618
2022-08-01,47432893,Spánn,beneficiaries,140005,2.9516437042960884
2022-08-01,47432893,Spánn,applicants,121180,2.5547672160751405
2022-08-01,47432893,Spánn,grants,6280,0.13239757482218087
2022-08-01,5548241,Finnland,beneficiaries,36060,6.499357183655144
2022-08-01,5548241,Finnland,applicants,5600,1.0093289026197672
2022-08-01,5548241,Finnland,grants,3400,0.61280683373343
2022-08-01,67871925,Frakkland,beneficiaries,72180,1.0634735938313227
2022-08-01,67871925,Frakkland,applicants,134465,1.981157894077706
2022-08-01,67871925,Frakkland,grants,3655,0.05385142678655423
2022-08-01,9689010,Ungverjaland,beneficiaries,25475,2.6292675928706855
2022-08-01,9689010,Ungverjaland,applicants,30,0.0030962915715847133
2022-08-01,9689010,Ungverjaland,grants,1910,0.1971305633908934
2022-08-01,5060004,Írland,beneficiaries,50735,10.026671915674376
2022-08-01,5060004,Írland,applicants,11460,2.264820344015538
2022-08-01,5060004,Írland,grants,4025,0.79545391663722
2022-08-01,376248,Ísland,beneficiaries,1515,4.026599476940741
2022-08-01,376248,Ísland,applicants,675,1.7940294699240926
2022-08-01,376248,Ísland,grants,140,0.3720950011694414
2022-08-01,59030133,Ítalía,beneficiaries,116065,1.966199195248298
2022-08-01,59030133,Ítalía,applicants,61760,1.0462453133893497
2022-08-01,59030133,Ítalía,grants,17180,0.2910377992880348
2022-08-01,645397,Lúxemborg,beneficiaries,4260,6.6005884750006585
2022-08-01,645397,Lúxemborg,applicants,2105,3.261558389642344
2022-08-01,645397,Lúxemborg,grants,145,0.2246679175763135
2022-08-01,1875757,Latvía,beneficiaries,30270,16.137484759486437
2022-08-01,1875757,Latvía,applicants,225,0.11995157155217866
2022-08-01,1875757,Latvía,grants,2045,1.090226505885357
2022-08-01,17590672,Holland,beneficiaries,91415,5.196788388755131
2022-08-01,17590672,Holland,applicants,30170,1.7151135556390342
2022-08-01,17590672,Holland,grants,7315,0.4158453980609723
2022-08-01,5425270,Noregur,beneficiaries,23070,4.252322925863598
2022-08-01,5425270,Noregur,applicants,2675,0.49306301806177394
2022-08-01,5425270,Noregur,grants,4210,0.7759982452486236
2022-08-01,37654247,Pólland,beneficiaries,1330075,35.323372686220495
2022-08-01,37654247,Pólland,applicants,5980,0.15881342680946456
2022-08-01,37654247,Pólland,grants,67510,1.7928920474760788
2022-08-01,10352042,Portúgal,beneficiaries,50605,4.888407523848918
2022-08-01,10352042,Portúgal,applicants,135,0.013040905359541624
2022-08-01,10352042,Portúgal,grants,2895,0.2796549704879482
2022-08-01,10452326,Svíþjóð,beneficiaries,41565,3.9766268292818268
2022-08-01,10452326,Svíþjóð,applicants,15215,1.4556568557084806
2022-08-01,10452326,Svíþjóð,grants,2235,0.21382800345109787
2022-08-01,2107180,Slóvenía,beneficiaries,6655,3.1582494139086363
2022-08-01,2107180,Slóvenía,applicants,1760,0.8352395144221186
2022-08-01,2107180,Slóvenía,grants,350,0.16609876707258042
2022-07-01,11617623,Belgía,beneficiaries,52300,4.501781474575306
2022-07-01,11617623,Belgía,applicants,34480,2.9679048803701065
2022-07-01,11617623,Belgía,grants,3155,0.27157018264407445
2022-07-01,6838937,Búlgaría,beneficiaries,125795,18.39394046179984
2022-07-01,6838937,Búlgaría,applicants,8650,1.2648164473513939
2022-07-01,6838937,Búlgaría,grants,6495,0.9497089971730988
2022-07-01,8738791,Sviss,beneficiaries,57280,6.5546824497805245
2022-07-01,8738791,Sviss,applicants,9255,1.0590709859064027
2022-07-01,8738791,Sviss,grants,2695,0.3083950628868456
2022-07-01,5873420,Danmörk,beneficiaries,26430,4.499933599163691
2022-07-01,5873420,Danmörk,applicants,2665,0.4537390481184727
2022-07-01,5873420,Danmörk,grants,1180,0.20090509447647198
2022-07-01,1331796,Eistland,beneficiaries,29730,22.323238694214428
2022-07-01,1331796,Eistland,applicants,305,0.22901405320334348
2022-07-01,1331796,Eistland,grants,2620,1.9672682603041305
2022-07-01,10459782,Grikkland,beneficiaries,18050,1.7256573798574386
2022-07-01,10459782,Grikkland,applicants,21565,2.061706448566519
2022-07-01,10459782,Grikkland,grants,1295,0.12380755162966112
2022-07-01,47432893,Spánn,beneficiaries,133725,2.8192461294739073
2022-07-01,47432893,Spánn,applicants,118580,2.4999529335054476
2022-07-01,47432893,Spánn,grants,6460,0.13619240976931346
2022-07-01,5548241,Finnland,beneficiaries,32660,5.8865503499217136
2022-07-01,5548241,Finnland,applicants,5620,1.0129336487005522
2022-07-01,5548241,Finnland,grants,4300,0.7750204073687498
2022-07-01,67871925,Frakkland,beneficiaries,68570,1.0102851805072568
2022-07-01,67871925,Frakkland,applicants,134800,1.9860936609651194
2022-07-01,67871925,Frakkland,grants,3815,0.056208807986512836
2022-07-01,9689010,Ungverjaland,beneficiaries,23730,2.4491666331235082
2022-07-01,9689010,Ungverjaland,applicants,25,0.002580242976320594
2022-07-01,9689010,Ungverjaland,grants,2830,0.29208350491949125
2022-07-01,5060004,Írland,beneficiaries,46710,9.231217999037154
2022-07-01,5060004,Írland,applicants,10455,2.0662039002340706
2022-07-01,5060004,Írland,grants,5715,1.1294457474737174
2022-07-01,376248,Ísland,beneficiaries,1375,3.6545044757713
2022-07-01,376248,Ísland,applicants,850,2.259148221385894
2022-07-01,376248,Ísland,grants,135,0.35880589398481855
2022-07-01,59030133,Ítalía,beneficiaries,99485,1.6853256962846417
2022-07-01,59030133,Ítalía,applicants,57160,0.9683190109024488
2022-07-01,59030133,Ítalía,grants,19770,0.33491369568826823
2022-07-01,645397,Lúxemborg,beneficiaries,4205,6.515369609713091
2022-07-01,645397,Lúxemborg,applicants,2045,3.16859235478318
2022-07-01,645397,Lúxemborg,grants,200,0.3098867828638807
2022-07-01,1875757,Latvía,beneficiaries,28910,15.41244414921549
2022-07-01,1875757,Latvía,applicants,210,0.11195480011536676
2022-07-01,1875757,Latvía,grants,2125,1.132875953548354
2022-07-01,17590672,Holland,beneficiaries,84095,4.780658749137042
2022-07-01,17590672,Holland,applicants,28375,1.6130708366343254
2022-07-01,17590672,Holland,grants,7735,0.43972168885873153
2022-07-01,5425270,Noregur,beneficiaries,18865,3.4772462937328465
2022-07-01,5425270,Noregur,applicants,2295,0.4230204211034658
2022-07-01,5425270,Noregur,grants,1290,0.23777618441109843
2022-07-01,37654247,Pólland,beneficiaries,1262080,33.51760028556672
2022-07-01,37654247,Pólland,applicants,6045,0.16053965970956743
2022-07-01,37654247,Pólland,grants,57535,1.5279816908833683
2022-07-01,10352042,Portúgal,beneficiaries,48215,4.657535199335552
2022-07-01,10352042,Portúgal,applicants,120,0.011591915875148111
2022-07-01,10352042,Portúgal,grants,2770,0.26758005811800223
2022-07-01,10452326,Svíþjóð,beneficiaries,39315,3.761363738559245
2022-07-01,10452326,Svíþjóð,applicants,14880,1.4236065733120074
2022-07-01,10452326,Svíþjóð,grants,2540,0.2430081113046034
2022-07-01,2107180,Slóvenía,beneficiaries,6230,2.9565580538919316
2022-07-01,2107180,Slóvenía,applicants,1980,0.9396444537248835
2022-07-01,2107180,Slóvenía,grants,515,0.24440247154965405
2022-06-01,11617623,Belgía,beneficiaries,49145,4.230211291931232
2022-06-01,11617623,Belgía,applicants,33230,2.860309720843928
2022-06-01,11617623,Belgía,grants,4325,0.3722792519605775
2022-06-01,6838937,Búlgaría,beneficiaries,119305,17.444962572399774
2022-06-01,6838937,Búlgaría,applicants,10145,1.4834176714890046
2022-06-01,6838937,Búlgaría,grants,6945,1.0155086967462927
2022-06-01,8738791,Sviss,beneficiaries,55965,6.404203968260599
2022-06-01,8738791,Sviss,applicants,8795,1.006432125450763
2022-06-01,8738791,Sviss,grants,4775,0.5464142579906077
2022-06-01,5873420,Danmörk,beneficiaries,25250,4.299028504687218
2022-06-01,5873420,Danmörk,applicants,2670,0.4545903408916781
2022-06-01,5873420,Danmörk,grants,4540,0.7729738380704939
2022-06-01,1331796,Eistland,beneficiaries,28015,21.03550393603825
2022-06-01,1331796,Eistland,applicants,205,0.15392747838257512
2022-06-01,1331796,Eistland,grants,2470,1.8546383980729781
2022-06-01,10459782,Grikkland,beneficiaries,16750,1.6013718067929141
2022-06-01,10459782,Grikkland,applicants,22655,2.1659151213667744
2022-06-01,10459782,Grikkland,grants,1985,0.1897745096408319
2022-06-01,47432893,Spánn,beneficiaries,127265,2.683053719704594
2022-06-01,47432893,Spánn,applicants,124040,2.6150629269018024
2022-06-01,47432893,Spánn,grants,11460,0.24160449163410716
2022-06-01,5548241,Finnland,beneficiaries,28360,5.111529942552964
2022-06-01,5548241,Finnland,applicants,5555,1.0012182239380012
2022-06-01,5548241,Finnland,grants,5655,1.0192419543419258
2022-06-01,67871925,Frakkland,beneficiaries,64815,0.9549603904707284
2022-06-01,67871925,Frakkland,applicants,136685,2.013866558227132
2022-06-01,67871925,Frakkland,grants,5245,0.0772779024611428
2022-06-01,9689010,Ungverjaland,beneficiaries,20985,2.165855954323507
2022-06-01,9689010,Ungverjaland,applicants,25,0.002580242976320594
2022-06-01,9689010,Ungverjaland,grants,5680,0.5862312042200389
2022-06-01,5060004,Írland,beneficiaries,40995,8.101772251563437
2022-06-01,5060004,Írland,applicants,9780,1.932804796201742
2022-06-01,5060004,Írland,grants,6985,1.3804336913567659
2022-06-01,376248,Ísland,beneficiaries,1240,3.295698581786481
2022-06-01,376248,Ísland,applicants,730,1.9402096489549447
2022-06-01,376248,Ísland,grants,195,0.5182751802002934
2022-06-01,59030133,Ítalía,beneficiaries,80265,1.3597292758937203
2022-06-01,59030133,Ítalía,applicants,58925,0.9982189943566618
2022-06-01,59030133,Ítalía,grants,26815,0.45425952199701125
2022-06-01,645397,Lúxemborg,beneficiaries,4040,6.25971301385039
2022-06-01,645397,Lúxemborg,applicants,1990,3.083373489495613
2022-06-01,645397,Lúxemborg,grants,385,0.5965320570129703
2022-06-01,1875757,Latvía,beneficiaries,27290,14.548792834039803
2022-06-01,1875757,Latvía,applicants,210,0.11195480011536676
2022-06-01,1875757,Latvía,grants,2815,1.500727439641702
2022-06-01,17590672,Holland,beneficiaries,76360,4.3409370602783115
2022-06-01,17590672,Holland,applicants,27690,1.5741297433094084
2022-06-01,17590672,Holland,grants,9545,0.5426171325347889
2022-06-01,5425270,Noregur,beneficiaries,17590,3.242234948675365
2022-06-01,5425270,Noregur,applicants,2080,0.3833910570349494
2022-06-01,5425270,Noregur,grants,2780,0.5124168935370959
2022-06-01,37654247,Pólland,beneficiaries,1205785,32.02254980693147
2022-06-01,37654247,Pólland,applicants,6155,0.16346097692512615
2022-06-01,37654247,Pólland,grants,61210,1.6255802433122617
2022-06-01,10352042,Portúgal,beneficiaries,45485,4.393819113175931
2022-06-01,10352042,Portúgal,applicants,120,0.011591915875148111
2022-06-01,10352042,Portúgal,grants,6125,0.5916707061273514
2022-06-01,10452326,Svíþjóð,beneficiaries,36785,3.5193123521022978
2022-06-01,10452326,Svíþjóð,applicants,14520,1.3891644787963944
2022-06-01,10452326,Svíþjóð,grants,2155,0.2061742046698505
2022-06-01,2107180,Slóvenía,beneficiaries,5715,2.712155582342277
2022-06-01,2107180,Slóvenía,applicants,1900,0.9016790212511508
2022-06-01,2107180,Slóvenía,grants,480,0.227792594842396
2022-05-01,11617623,Belgía,beneficiaries,44820,3.857932039970655
2022-05-01,11617623,Belgía,applicants,32715,2.8159805151191426
2022-05-01,11617623,Belgía,grants,7280,0.6266342090804634
2022-05-01,6838937,Búlgaría,beneficiaries,112355,16.428722767880448
2022-05-01,6838937,Búlgaría,applicants,11590,1.694707817896261
2022-05-01,6838937,Búlgaría,grants,19950,2.9171200144115965
2022-05-01,8738791,Sviss,beneficiaries,51630,5.908139924618863
2022-05-01,8738791,Sviss,applicants,8170,0.9349119346142962
2022-05-01,8738791,Sviss,grants,13875,1.5877482365695665
2022-05-01,5873420,Danmörk,beneficiaries,20710,3.5260546666167243
2022-05-01,5873420,Danmörk,applicants,2780,0.4733187819021967
2022-05-01,5873420,Danmörk,grants,10280,1.7502579417102813
2022-05-01,1331796,Eistland,beneficiaries,25865,19.421142577391734
2022-05-01,1331796,Eistland,applicants,220,0.16519046460569037
2022-05-01,1331796,Eistland,grants,3410,2.560452201388201
2022-05-01,10459782,Grikkland,beneficiaries,14765,1.411597297152082
2022-05-01,10459782,Grikkland,applicants,25315,2.420222524714186
2022-05-01,10459782,Grikkland,grants,5885,0.562631228834406
2022-05-01,47432893,Spánn,beneficiaries,115805,2.441449228070487
2022-05-01,47432893,Spánn,applicants,114950,2.4234237620716073
2022-05-01,47432893,Spánn,grants,32725,0.6899220758050747
2022-05-01,5548241,Finnland,beneficiaries,22715,4.094090361251431
2022-05-01,5548241,Finnland,applicants,5850,1.0543882286295783
2022-05-01,5548241,Finnland,grants,7605,1.3707046972184518
2022-05-01,67871925,Frakkland,beneficiaries,59690,0.8794505239095547
2022-05-01,67871925,Frakkland,applicants,140595,2.0714750613011197
2022-05-01,67871925,Frakkland,grants,8590,0.12656190317277727
2022-05-01,9689010,Ungverjaland,beneficiaries,14085,1.4537088928590227
2022-05-01,9689010,Ungverjaland,applicants,20,0.0020641943810564755
2022-05-01,9689010,Ungverjaland,grants,6970,0.7193717417981818
2022-05-01,5060004,Írland,beneficiaries,34010,6.721338560206672
2022-05-01,5060004,Írland,applicants,8830,1.7450579090451313
2022-05-01,5060004,Írland,grants,8145,1.6096825219901012
2022-05-01,376248,Ísland,beneficiaries,1050,2.790712508770811
2022-05-01,376248,Ísland,applicants,665,1.7674512555548467
2022-05-01,376248,Ísland,grants,220,0.5847207161234079
2022-05-01,59030133,Ítalía,beneficiaries,54145,0.9172434017724473
2022-05-01,59030133,Ítalía,applicants,54235,0.9187680468211041
2022-05-01,59030133,Ítalía,grants,37325,0.6323041826790395
2022-05-01,645397,Lúxemborg,beneficiaries,3725,5.771641330839778
2022-05-01,645397,Lúxemborg,applicants,1960,3.036890472066031
2022-05-01,645397,Lúxemborg,grants,1125,1.7431131536093287
2022-05-01,1875757,Latvía,beneficiaries,24510,13.066724527750663
2022-05-01,1875757,Latvía,applicants,185,0.09862684772068023
2022-05-01,1875757,Latvía,grants,5190,2.766882917136921
2022-05-01,17590672,Holland,beneficiaries,66815,3.7983199277435222
2022-05-01,17590672,Holland,applicants,26915,1.5300723019564006
2022-05-01,17590672,Holland,grants,12970,0.7373225991593726
2022-05-01,5425270,Noregur,beneficiaries,14630,2.6966399828948604
2022-05-01,5425270,Noregur,applicants,1915,0.35297782414515777
2022-05-01,5425270,Noregur,grants,5770,1.0635415380248356
2022-05-01,37654247,Pólland,beneficiaries,1145665,30.425917161482474
2022-05-01,37654247,Pólland,applicants,6420,0.1704986956716994
2022-05-01,37654247,Pólland,grants,96680,2.5675722581837848
2022-05-01,10352042,Portúgal,beneficiaries,39320,3.798284435090198
2022-05-01,10352042,Portúgal,applicants,155,0.014972891338732978
2022-05-01,10352042,Portúgal,grants,5355,0.5172892459284845
2022-05-01,10452326,Svíþjóð,beneficiaries,34635,3.313616509856275
2022-05-01,10452326,Svíþjóð,applicants,14505,1.3877293915249103
2022-05-01,10452326,Svíþjóð,grants,4615,0.44152851719320657
2022-05-01,2107180,Slóvenía,beneficiaries,5235,2.4843629874998814
2022-05-01,2107180,Slóvenía,applicants,1880,0.8921876631327177
2022-05-01,2107180,Slóvenía,grants,1385,0.6572765497014968
2022-04-01,11617623,Belgía,beneficiaries,37540,3.2312978308901914
2022-04-01,11617623,Belgía,applicants,32095,2.762613315994158
2022-04-01,11617623,Belgía,grants,11035,0.9498500682971035
2022-04-01,6838937,Búlgaría,beneficiaries,92410,13.512333861241887
2022-04-01,6838937,Búlgaría,applicants,10870,1.5894282985791506
2022-04-01,6838937,Búlgaría,grants,61655,9.015289949300602
2022-04-01,8738791,Sviss,beneficiaries,38135,4.363875964077868
2022-04-01,8738791,Sviss,applicants,7820,0.8948606277458747
2022-04-01,8738791,Sviss,grants,22955,2.6267935690417588
2022-04-01,5873420,Danmörk,beneficiaries,10430,1.7757967249064428
2022-04-01,5873420,Danmörk,applicants,2790,0.47502136744860746
2022-04-01,5873420,Danmörk,grants,9210,1.5680812882443278
2022-04-01,1331796,Eistland,beneficiaries,22295,16.740551856290303
2022-04-01,1331796,Eistland,applicants,105,0.07884090356180677
2022-04-01,1331796,Eistland,grants,9025,6.776563377574344
2022-04-01,10459782,Grikkland,beneficiaries,8880,0.8489660683176762
2022-04-01,10459782,Grikkland,applicants,28845,2.757705657727857
2022-04-01,10459782,Grikkland,grants,8880,0.8489660683176762
2022-04-01,47432893,Spánn,beneficiaries,83080,1.7515271522654121
2022-04-01,47432893,Spánn,applicants,110665,2.333085607913479
2022-04-01,47432893,Spánn,grants,50095,1.056123648203368
2022-04-01,5548241,Finnland,beneficiaries,15110,2.723385664032979
2022-04-01,5548241,Finnland,applicants,6610,1.1913685796994038
2022-04-01,5548241,Finnland,grants,12305,2.2178200262028995
2022-04-01,67871925,Frakkland,beneficiaries,51255,0.7551723337742373
2022-04-01,67871925,Frakkland,applicants,140330,2.067570648688688
2022-04-01,67871925,Frakkland,grants,23775,0.350292112681348
2022-04-01,5060004,Írland,beneficiaries,25870,5.112644179727921
2022-04-01,5060004,Írland,applicants,7795,1.5405126161955602
2022-04-01,5060004,Írland,grants,12440,2.458496080240253
2022-04-01,376248,Ísland,beneficiaries,825,2.1927026854627796
2022-04-01,376248,Ísland,applicants,605,1.6079819693393718
2022-04-01,376248,Ísland,grants,565,1.5016691118623886
2022-04-01,59030133,Ítalía,beneficiaries,17270,0.2925624443366916
2022-04-01,59030133,Ítalía,applicants,52885,0.8958983710912527
2022-04-01,59030133,Ítalía,grants,17315,0.29332476686102
2022-04-01,645397,Lúxemborg,beneficiaries,2650,4.105999872946419
2022-04-01,645397,Lúxemborg,applicants,1925,2.982660285064852
2022-04-01,645397,Lúxemborg,grants,1720,2.665026332629374
2022-04-01,1875757,Latvía,beneficiaries,19805,10.558403887070659
2022-04-01,1875757,Latvía,applicants,170,0.09063007628386834
2022-04-01,1875757,Latvía,grants,8825,4.704767195324341
2022-04-01,17590672,Holland,beneficiaries,53845,3.0609973285841496
2022-04-01,17590672,Holland,applicants,25910,1.4729397489760483
2022-04-01,17590672,Holland,grants,28380,1.6133550781914414
2022-04-01,5425270,Noregur,beneficiaries,9020,1.6625900646419443
2022-04-01,5425270,Noregur,applicants,1915,0.35297782414515777
2022-04-01,5425270,Noregur,grants,6760,1.2460209353635856
2022-04-01,37654247,Pólland,beneficiaries,1049510,27.872287553645673
2022-04-01,37654247,Pólland,applicants,6825,0.18125445451080194
2022-04-01,37654247,Pólland,grants,427065,11.341748515114377
2022-04-01,10352042,Portúgal,beneficiaries,34080,3.2921041085420635
2022-04-01,10352042,Portúgal,applicants,90,0.008693936906361083
2022-04-01,10352042,Portúgal,grants,9035,0.8727746660996932
2022-04-01,10452326,Svíþjóð,beneficiaries,30025,2.8725663550868967
2022-04-01,10452326,Svíþjóð,applicants,15175,1.451829956317857
2022-04-01,10452326,Svíþjóð,grants,11920,1.1404160184058554
2022-04-01,2107180,Slóvenía,beneficiaries,3850,1.8270864377983844
2022-04-01,2107180,Slóvenía,applicants,1730,0.821002477244469
2022-04-01,2107180,Slóvenía,grants,2990,1.4189580387057583
2022-03-01,11617623,Belgía,beneficiaries,26505,2.2814477625930882
2022-03-01,11617623,Belgía,applicants,32010,2.755296845146378
2022-03-01,11617623,Belgía,grants,26505,2.2814477625930882
2022-03-01,6838937,Búlgaría,beneficiaries,30700,4.489001726437896
2022-03-01,6838937,Búlgaría,applicants,10030,1.4666021927091886
2022-03-01,6838937,Búlgaría,grants,30700,4.489001726437896
2022-03-01,8738791,Sviss,beneficiaries,15095,1.7273556490823503
2022-03-01,8738791,Sviss,applicants,7500,0.8582422900376036
2022-03-01,8738791,Sviss,grants,15175,1.7365102335094178
2022-03-01,5873420,Danmörk,beneficiaries,1220,0.2077154366621151
2022-03-01,5873420,Danmörk,applicants,2965,0.5048166145107962
2022-03-01,5873420,Danmörk,grants,1220,0.2077154366621151
2022-03-01,1331796,Eistland,beneficiaries,13810,10.369455982748109
2022-03-01,1331796,Eistland,applicants,90,0.0675779173386915
2022-03-01,1331796,Eistland,grants,13985,10.500857488684453
2022-03-01,10459782,Grikkland,beneficiaries,0,0
2022-03-01,10459782,Grikkland,applicants,31040,2.967557067632958
2022-03-01,10459782,Grikkland,grants,0,0
2022-03-01,47432893,Spánn,beneficiaries,32985,0.695403504062044
2022-03-01,47432893,Spánn,applicants,109415,2.306732587447281
2022-03-01,47432893,Spánn,grants,32980,0.6952980919801792
2022-03-01,5548241,Finnland,beneficiaries,2805,0.5055656378300798
2022-03-01,5548241,Finnland,applicants,6635,1.195874512300385
2022-03-01,5548241,Finnland,grants,2805,0.5055656378300798
2022-03-01,67871925,Frakkland,beneficiaries,27525,0.4055432345553776
2022-03-01,67871925,Frakkland,applicants,141290,2.08171493588844
2022-03-01,67871925,Frakkland,grants,27550,0.4059115753678712
2022-03-01,5060004,Írland,beneficiaries,13430,2.6541480994876685
2022-03-01,5060004,Írland,applicants,7200,1.4229237763448408
2022-03-01,5060004,Írland,grants,13430,2.6541480994876685
2022-03-01,376248,Ísland,beneficiaries,260,0.6910335736003912
2022-03-01,376248,Ísland,applicants,820,2.179413578278157
2022-03-01,376248,Ísland,grants,260,0.6910335736003912
2022-03-01,59030133,Ítalía,beneficiaries,0,0
2022-03-01,59030133,Ítalía,applicants,48160,0.8158545060367728
2022-03-01,59030133,Ítalía,grants,0,0
2022-03-01,645397,Lúxemborg,beneficiaries,950,1.4719622186034331
2022-03-01,645397,Lúxemborg,applicants,1930,2.9904074546364487
2022-03-01,645397,Lúxemborg,grants,950,1.4719622186034331
2022-03-01,1875757,Latvía,beneficiaries,11165,5.952263539466999
2022-03-01,1875757,Latvía,applicants,155,0.08263330484705642
2022-03-01,1875757,Latvía,grants,11210,5.976253853777435
2022-03-01,17590672,Holland,beneficiaries,25470,1.4479264919498245
2022-03-01,17590672,Holland,applicants,25365,1.4419574192503846
2022-03-01,17590672,Holland,grants,25470,1.4479264919498245
2022-03-01,5425270,Noregur,beneficiaries,2245,0.4138042899247411
2022-03-01,5425270,Noregur,applicants,1660,0.30597555513366154
2022-03-01,5425270,Noregur,grants,2240,0.4128826768068686
2022-03-01,37654247,Pólland,beneficiaries,677110,17.982300907517818
2022-03-01,37654247,Pólland,applicants,4890,0.12986582894620094
2022-03-01,37654247,Pólland,grants,677110,17.982300907517818
2022-03-01,10352042,Portúgal,beneficiaries,25040,2.4188464459475725
2022-03-01,10352042,Portúgal,applicants,135,0.013040905359541624
2022-03-01,10352042,Portúgal,grants,25040,2.4188464459475725
2022-03-01,10452326,Svíþjóð,beneficiaries,18165,1.7378906857669767
2022-03-01,10452326,Svíþjóð,applicants,16095,1.5398486423022013
2022-03-01,10452326,Svíþjóð,grants,18165,1.7378906857669767
2022-03-01,2107180,Slóvenía,beneficiaries,860,0.40812839909262616
2022-03-01,2107180,Slóvenía,applicants,1550,0.7355802541785704
2022-03-01,2107180,Slóvenía,grants,860,0.40812839909262616
2022-04-01,9689010,Ungverjaland,beneficiaries,NA,NA
2022-04-01,9689010,Ungverjaland,applicants,25,0.002580242976320594
2022-04-01,9689010,Ungverjaland,grants,7120,0.7348531996561052
2022-03-01,9689010,Ungverjaland,beneficiaries,NA,NA
2022-03-01,9689010,Ungverjaland,applicants,15,0.0015481457857923567
2022-03-01,9689010,Ungverjaland,grants,1445,0.14913804403133032
