land,dags,erlent,innlent
Belgía,2011-01-01,0.657,0.723
Belgía,2011-04-01,0.6659999999999999,0.7340000000000001
Belgía,2011-07-01,0.66,0.731
Belgía,2011-10-01,0.667,0.7340000000000001
Belgía,2012-01-01,0.664,0.727
Belgía,2012-04-01,0.649,0.731
Belgía,2012-07-01,0.675,0.735
Belgía,2012-10-01,0.6920000000000001,0.736
Belgía,2013-01-01,0.672,0.735
Belgía,2013-04-01,0.659,0.742
Belgía,2013-07-01,0.6759999999999999,0.747
Belgía,2013-10-01,0.6729999999999999,0.738
Belgía,2014-01-01,0.68,0.738
Belgía,2014-04-01,0.685,0.7390000000000001
Belgía,2014-07-01,0.6990000000000001,0.7390000000000001
Belgía,2014-10-01,0.687,0.746
Belgía,2015-01-01,0.706,0.742
Belgía,2015-04-01,0.6559999999999999,0.738
Belgía,2015-07-01,0.6940000000000001,0.738
Belgía,2015-10-01,0.703,0.741
Belgía,2016-01-01,0.6890000000000001,0.736
Belgía,2016-04-01,0.6829999999999999,0.737
Belgía,2016-07-01,0.669,0.74
Belgía,2016-10-01,0.718,0.747
Belgía,2017-01-01,0.674,0.741
Belgía,2017-04-01,0.6890000000000001,0.74
Belgía,2017-07-01,0.7040000000000001,0.742
Belgía,2017-10-01,0.693,0.75
Belgía,2018-01-01,0.682,0.745
Belgía,2018-04-01,0.68,0.741
Belgía,2018-07-01,0.691,0.75
Belgía,2018-10-01,0.7190000000000001,0.752
Belgía,2019-01-01,0.682,0.746
Belgía,2019-04-01,0.6890000000000001,0.757
Belgía,2019-07-01,0.6779999999999999,0.757
Belgía,2019-10-01,0.68,0.752
Belgía,2020-01-01,0.6779999999999999,0.7509999999999999
Belgía,2020-04-01,0.65,0.742
Belgía,2020-07-01,0.679,0.758
Belgía,2020-10-01,0.6659999999999999,0.753
Belgía,2021-01-01,0.664,0.7490000000000001
Belgía,2021-04-01,0.6990000000000001,0.7559999999999999
Belgía,2021-07-01,0.7290000000000001,0.7659999999999999
Belgía,2021-10-01,0.706,0.7659999999999999
Belgía,2022-01-01,0.703,0.767
Belgía,2022-04-01,0.713,0.762
Belgía,2022-07-01,0.722,0.768
Belgía,2022-10-01,0.7170000000000001,0.773
Belgía,2023-01-01,0.72,0.77
Belgía,2023-04-01,0.691,0.763
Belgía,2023-07-01,0.693,0.772
Tékkland,2011-01-01,0.8009999999999999,0.755
Tékkland,2011-04-01,0.8,0.759
Tékkland,2011-07-01,0.7879999999999999,0.76
Tékkland,2011-10-01,0.785,0.758
Tékkland,2012-01-01,0.7929999999999999,0.758
Tékkland,2012-04-01,0.816,0.764
Tékkland,2012-07-01,0.815,0.7709999999999999
Tékkland,2012-10-01,0.8220000000000001,0.772
Tékkland,2013-01-01,0.8320000000000001,0.772
Tékkland,2013-04-01,0.846,0.778
Tékkland,2013-07-01,0.852,0.78
Tékkland,2013-10-01,0.852,0.78
Tékkland,2014-01-01,0.835,0.778
Tékkland,2014-04-01,0.821,0.779
Tékkland,2014-07-01,0.807,0.7829999999999999
Tékkland,2014-10-01,0.797,0.787
Tékkland,2015-01-01,0.7979999999999999,0.7859999999999999
Tékkland,2015-04-01,0.8059999999999999,0.7859999999999999
Tékkland,2015-07-01,0.805,0.7879999999999999
Tékkland,2015-10-01,0.816,0.789
Tékkland,2016-01-01,0.843,0.79
Tékkland,2016-04-01,0.8590000000000001,0.795
Tékkland,2016-07-01,0.8420000000000001,0.8
Tékkland,2016-10-01,0.853,0.805
Tékkland,2017-01-01,0.853,0.8029999999999999
Tékkland,2017-04-01,0.847,0.804
Tékkland,2017-07-01,0.858,0.81
Tékkland,2017-10-01,0.84,0.812
Tékkland,2018-01-01,0.8440000000000001,0.8109999999999999
Tékkland,2018-04-01,0.8540000000000001,0.815
Tékkland,2018-07-01,0.86,0.818
Tékkland,2018-10-01,0.863,0.821
Tékkland,2019-01-01,0.8540000000000001,0.8170000000000001
Tékkland,2019-04-01,0.866,0.816
Tékkland,2019-07-01,0.8740000000000001,0.8190000000000001
Tékkland,2019-10-01,0.868,0.82
Tékkland,2020-01-01,0.857,0.816
Tékkland,2020-04-01,0.8590000000000001,0.812
Tékkland,2020-07-01,0.8590000000000001,0.818
Tékkland,2020-10-01,0.872,0.82
Tékkland,2021-01-01,0.853,0.8170000000000001
Tékkland,2021-04-01,0.856,0.815
Tékkland,2021-07-01,0.853,0.826
Tékkland,2021-10-01,0.862,0.8270000000000001
Tékkland,2022-01-01,0.8640000000000001,0.825
Tékkland,2022-04-01,0.879,0.828
Tékkland,2022-07-01,0.873,0.833
Tékkland,2022-10-01,0.882,0.833
Tékkland,2023-01-01,0.878,0.831
Tékkland,2023-04-01,0.8690000000000001,0.838
Tékkland,2023-07-01,0.861,0.8390000000000001
Danmörk,2011-01-01,0.682,0.812
Danmörk,2011-04-01,0.696,0.812
Danmörk,2011-07-01,0.7170000000000001,0.813
Danmörk,2011-10-01,0.7090000000000001,0.807
Danmörk,2012-01-01,0.721,0.807
Danmörk,2012-04-01,0.701,0.812
Danmörk,2012-07-01,0.71,0.809
Danmörk,2012-10-01,0.675,0.804
Danmörk,2013-01-01,0.7140000000000001,0.807
Danmörk,2013-04-01,0.726,0.8059999999999999
Danmörk,2013-07-01,0.6890000000000001,0.81
Danmörk,2013-10-01,0.688,0.8
Danmörk,2014-01-01,0.7,0.802
Danmörk,2014-04-01,0.715,0.805
Danmörk,2014-07-01,0.732,0.81
Danmörk,2014-10-01,0.6970000000000001,0.812
Danmörk,2015-01-01,0.698,0.813
Danmörk,2015-04-01,0.696,0.815
Danmörk,2015-07-01,0.708,0.812
Danmörk,2015-10-01,0.716,0.809
Danmörk,2016-01-01,0.7140000000000001,0.8079999999999999
Danmörk,2016-04-01,0.7509999999999999,0.81
Danmörk,2016-07-01,0.7290000000000001,0.815
Danmörk,2016-10-01,0.748,0.809
Danmörk,2017-01-01,0.746,0.8109999999999999
Danmörk,2017-04-01,0.721,0.815
Danmörk,2017-07-01,0.7170000000000001,0.8220000000000001
Danmörk,2017-10-01,0.723,0.818
Danmörk,2018-01-01,0.7170000000000001,0.818
Danmörk,2018-04-01,0.7240000000000001,0.825
Danmörk,2018-07-01,0.7440000000000001,0.821
Danmörk,2018-10-01,0.74,0.823
Danmörk,2019-01-01,0.72,0.8270000000000001
Danmörk,2019-04-01,0.7170000000000001,0.83
Danmörk,2019-07-01,0.733,0.833
Danmörk,2019-10-01,0.757,0.8320000000000001
Danmörk,2020-01-01,0.747,0.8270000000000001
Danmörk,2020-04-01,0.748,0.82
Danmörk,2020-07-01,0.748,0.833
Danmörk,2020-10-01,0.779,0.83
Danmörk,2021-01-01,0.765,0.8290000000000001
Danmörk,2021-04-01,0.7609999999999999,0.8340000000000001
Danmörk,2021-07-01,0.7909999999999999,0.8320000000000001
Danmörk,2021-10-01,0.8009999999999999,0.8420000000000001
Danmörk,2022-01-01,0.802,0.836
Danmörk,2022-04-01,0.818,0.84
Danmörk,2022-07-01,0.8059999999999999,0.84
Danmörk,2022-10-01,0.8420000000000001,0.833
Danmörk,2023-01-01,0.8190000000000001,0.84
Danmörk,2023-04-01,0.7709999999999999,0.84
Danmörk,2023-07-01,0.8,0.8390000000000001
Þýskaland,2011-01-01,0.7090000000000001,0.8170000000000001
Þýskaland,2011-04-01,0.7240000000000001,0.821
Þýskaland,2011-07-01,0.725,0.823
Þýskaland,2011-10-01,0.7140000000000001,0.825
Þýskaland,2012-01-01,0.7190000000000001,0.8190000000000001
Þýskaland,2012-04-01,0.726,0.821
Þýskaland,2012-07-01,0.732,0.8240000000000001
Þýskaland,2012-10-01,0.73,0.8240000000000001
Þýskaland,2013-01-01,0.7190000000000001,0.8240000000000001
Þýskaland,2013-04-01,0.731,0.826
Þýskaland,2013-07-01,0.7290000000000001,0.828
Þýskaland,2013-10-01,0.716,0.8290000000000001
Þýskaland,2014-01-01,0.723,0.8270000000000001
Þýskaland,2014-04-01,0.723,0.8290000000000001
Þýskaland,2014-07-01,0.731,0.831
Þýskaland,2014-10-01,0.727,0.83
Þýskaland,2015-01-01,0.725,0.8290000000000001
Þýskaland,2015-04-01,0.727,0.8270000000000001
Þýskaland,2015-07-01,0.725,0.831
Þýskaland,2015-10-01,0.723,0.8340000000000001
Þýskaland,2016-01-01,0.706,0.8340000000000001
Þýskaland,2016-04-01,0.706,0.8340000000000001
Þýskaland,2016-07-01,0.7140000000000001,0.8390000000000001
Þýskaland,2016-10-01,0.715,0.8390000000000001
Þýskaland,2017-01-01,0.711,0.836
Þýskaland,2017-04-01,0.703,0.84
Þýskaland,2017-07-01,0.71,0.843
Þýskaland,2017-10-01,0.716,0.845
Þýskaland,2018-01-01,0.716,0.843
Þýskaland,2018-04-01,0.728,0.841
Þýskaland,2018-07-01,0.733,0.845
Þýskaland,2018-10-01,0.732,0.847
Þýskaland,2019-01-01,0.738,0.846
Þýskaland,2019-04-01,0.74,0.846
Þýskaland,2019-07-01,0.748,0.85
Þýskaland,2019-10-01,0.743,0.85
Þýskaland,2021-01-01,0.706,0.8340000000000001
Þýskaland,2021-04-01,0.721,0.838
Þýskaland,2021-07-01,0.727,0.8490000000000001
Þýskaland,2021-10-01,0.73,0.8490000000000001
Þýskaland,2022-01-01,0.742,0.846
Þýskaland,2022-04-01,0.741,0.852
Þýskaland,2022-07-01,0.737,0.8540000000000001
Þýskaland,2022-10-01,0.737,0.856
Þýskaland,2023-01-01,0.7390000000000001,0.857
Þýskaland,2023-04-01,0.741,0.861
Þýskaland,2023-07-01,0.7340000000000001,0.86
Eistland,2011-01-01,0.815,0.797
Eistland,2011-04-01,0.8190000000000001,0.799
Eistland,2011-07-01,0.81,0.8109999999999999
Eistland,2011-10-01,0.815,0.8
Eistland,2012-01-01,0.8140000000000001,0.799
Eistland,2012-04-01,0.7829999999999999,0.805
Eistland,2012-07-01,0.777,0.813
Eistland,2012-10-01,0.7759999999999999,0.799
Eistland,2013-01-01,0.78,0.807
Eistland,2013-04-01,0.8109999999999999,0.8059999999999999
Eistland,2013-07-01,0.7909999999999999,0.8009999999999999
Eistland,2013-10-01,0.754,0.812
Eistland,2014-01-01,0.726,0.804
Eistland,2014-04-01,0.77,0.8079999999999999
Eistland,2014-07-01,0.792,0.8140000000000001
Eistland,2014-10-01,0.7929999999999999,0.807
Eistland,2015-01-01,0.727,0.8059999999999999
Eistland,2015-04-01,0.727,0.826
Eistland,2015-07-01,0.809,0.8270000000000001
Eistland,2015-10-01,0.805,0.8170000000000001
Eistland,2016-01-01,0.737,0.8109999999999999
Eistland,2016-04-01,0.784,0.835
Eistland,2016-07-01,0.826,0.8370000000000001
Eistland,2016-10-01,0.7829999999999999,0.825
Eistland,2017-01-01,0.782,0.83
Eistland,2017-04-01,0.804,0.8340000000000001
Eistland,2017-07-01,0.816,0.8340000000000001
Eistland,2017-10-01,0.83,0.8440000000000001
Eistland,2018-01-01,0.805,0.84
Eistland,2018-04-01,0.789,0.8390000000000001
Eistland,2018-07-01,0.8240000000000001,0.833
Eistland,2018-10-01,0.8190000000000001,0.843
Eistland,2019-01-01,0.7909999999999999,0.8370000000000001
Eistland,2019-04-01,0.8029999999999999,0.8340000000000001
Eistland,2019-07-01,0.809,0.8370000000000001
Eistland,2019-10-01,0.8029999999999999,0.852
Eistland,2020-01-01,0.8290000000000001,0.838
Eistland,2020-04-01,0.8,0.8320000000000001
Eistland,2020-07-01,0.8220000000000001,0.847
Eistland,2020-10-01,0.8270000000000001,0.856
Eistland,2021-01-01,0.831,0.853
Eistland,2021-04-01,0.7759999999999999,0.846
Eistland,2021-07-01,0.795,0.853
Eistland,2021-10-01,0.815,0.858
Eistland,2022-01-01,0.826,0.8759999999999999
Eistland,2022-04-01,0.782,0.875
Eistland,2022-07-01,0.815,0.873
Eistland,2022-10-01,0.813,0.88
Eistland,2023-01-01,0.8140000000000001,0.8809999999999999
Eistland,2023-04-01,0.861,0.8809999999999999
Eistland,2023-07-01,0.88,0.879
Írland,2011-01-01,0.7659999999999999,0.75
Írland,2011-04-01,0.7879999999999999,0.758
Írland,2011-07-01,0.789,0.755
Írland,2011-10-01,0.775,0.7559999999999999
Írland,2012-01-01,0.7829999999999999,0.7509999999999999
Írland,2012-04-01,0.782,0.755
Írland,2012-07-01,0.78,0.758
Írland,2012-10-01,0.773,0.753
Írland,2013-01-01,0.777,0.755
Írland,2013-04-01,0.792,0.765
Írland,2013-07-01,0.799,0.7659999999999999
Írland,2013-10-01,0.784,0.767
Írland,2014-01-01,0.779,0.763
Írland,2014-04-01,0.78,0.767
Írland,2014-07-01,0.775,0.775
Írland,2014-10-01,0.759,0.772
Írland,2015-01-01,0.746,0.772
Írland,2015-04-01,0.755,0.778
Írland,2015-07-01,0.7709999999999999,0.775
Írland,2015-10-01,0.767,0.777
Írland,2016-01-01,0.7659999999999999,0.7709999999999999
Írland,2016-04-01,0.7829999999999999,0.778
Írland,2016-07-01,0.79,0.78
Írland,2016-10-01,0.7759999999999999,0.7759999999999999
Írland,2017-01-01,0.7759999999999999,0.7759999999999999
Írland,2017-04-01,0.7809999999999999,0.777
Írland,2017-07-01,0.8059999999999999,0.779
Írland,2017-10-01,0.7959999999999999,0.778
Írland,2018-01-01,0.799,0.773
Írland,2018-04-01,0.8079999999999999,0.779
Írland,2018-07-01,0.812,0.7809999999999999
Írland,2018-10-01,0.813,0.7809999999999999
Írland,2019-01-01,0.802,0.784
Írland,2019-04-01,0.8009999999999999,0.7829999999999999
Írland,2019-07-01,0.8029999999999999,0.7829999999999999
Írland,2019-10-01,0.8029999999999999,0.7879999999999999
Írland,2020-01-01,0.8009999999999999,0.785
Írland,2020-04-01,0.745,0.75
Írland,2020-07-01,0.7959999999999999,0.78
Írland,2020-10-01,0.7859999999999999,0.777
Írland,2021-01-01,0.7609999999999999,0.763
Írland,2021-04-01,0.815,0.787
Írland,2021-07-01,0.812,0.807
Írland,2021-10-01,0.838,0.812
Írland,2022-01-01,0.8440000000000001,0.812
Írland,2022-04-01,0.848,0.81
Írland,2022-07-01,0.8390000000000001,0.807
Írland,2022-10-01,0.83,0.812
Írland,2023-01-01,0.835,0.815
Írland,2023-04-01,0.856,0.8170000000000001
Írland,2023-07-01,0.8490000000000001,0.8190000000000001
Grikkland,2011-01-01,0.7929999999999999,0.72
Grikkland,2011-04-01,0.787,0.72
Grikkland,2011-07-01,0.7879999999999999,0.718
Grikkland,2011-10-01,0.785,0.7170000000000001
Grikkland,2012-01-01,0.78,0.72
Grikkland,2012-04-01,0.779,0.721
Grikkland,2012-07-01,0.7879999999999999,0.721
Grikkland,2012-10-01,0.787,0.722
Grikkland,2013-01-01,0.79,0.72
Grikkland,2013-04-01,0.795,0.7240000000000001
Grikkland,2013-07-01,0.809,0.723
Grikkland,2013-10-01,0.805,0.718
Grikkland,2014-01-01,0.8,0.72
Grikkland,2014-04-01,0.8009999999999999,0.7190000000000001
Grikkland,2014-07-01,0.805,0.7190000000000001
Grikkland,2014-10-01,0.7909999999999999,0.716
Grikkland,2015-01-01,0.784,0.7190000000000001
Grikkland,2015-04-01,0.8029999999999999,0.726
Grikkland,2015-07-01,0.81,0.731
Grikkland,2015-10-01,0.7959999999999999,0.73
Grikkland,2016-01-01,0.8029999999999999,0.728
Grikkland,2016-04-01,0.8,0.732
Grikkland,2016-07-01,0.792,0.735
Grikkland,2016-10-01,0.764,0.728
Grikkland,2017-01-01,0.7659999999999999,0.73
Grikkland,2017-04-01,0.789,0.735
Grikkland,2017-07-01,0.797,0.735
Grikkland,2017-10-01,0.7559999999999999,0.731
Grikkland,2018-01-01,0.7509999999999999,0.73
Grikkland,2018-04-01,0.78,0.737
Grikkland,2018-07-01,0.778,0.7390000000000001
Grikkland,2018-10-01,0.7440000000000001,0.733
Grikkland,2019-01-01,0.752,0.736
Grikkland,2019-04-01,0.782,0.743
Grikkland,2019-07-01,0.784,0.74
Grikkland,2019-10-01,0.738,0.735
Grikkland,2020-01-01,0.7170000000000001,0.723
Grikkland,2020-04-01,0.7509999999999999,0.726
Grikkland,2020-07-01,0.779,0.738
Grikkland,2020-10-01,0.742,0.7340000000000001
Grikkland,2021-01-01,0.6759999999999999,0.696
Grikkland,2021-04-01,0.7759999999999999,0.738
Grikkland,2021-07-01,0.763,0.755
Grikkland,2021-10-01,0.6890000000000001,0.747
Grikkland,2022-01-01,0.731,0.75
Grikkland,2022-04-01,0.7440000000000001,0.7609999999999999
Grikkland,2022-07-01,0.762,0.764
Grikkland,2022-10-01,0.722,0.753
Grikkland,2023-01-01,0.695,0.748
Grikkland,2023-04-01,0.76,0.768
Grikkland,2023-07-01,0.7659999999999999,0.7659999999999999
Spánn,2011-01-01,0.833,0.772
Spánn,2011-04-01,0.8440000000000001,0.775
Spánn,2011-07-01,0.836,0.775
Spánn,2011-10-01,0.8340000000000001,0.777
Spánn,2012-01-01,0.838,0.778
Spánn,2012-04-01,0.833,0.7809999999999999
Spánn,2012-07-01,0.83,0.7829999999999999
Spánn,2012-10-01,0.8340000000000001,0.7809999999999999
Spánn,2013-01-01,0.8390000000000001,0.7809999999999999
Spánn,2013-04-01,0.825,0.782
Spánn,2013-07-01,0.825,0.7829999999999999
Spánn,2013-10-01,0.8240000000000001,0.784
Spánn,2014-01-01,0.821,0.7809999999999999
Spánn,2014-04-01,0.8240000000000001,0.785
Spánn,2014-07-01,0.816,0.784
Spánn,2014-10-01,0.825,0.7879999999999999
Spánn,2015-01-01,0.8270000000000001,0.784
Spánn,2015-04-01,0.8290000000000001,0.79
Spánn,2015-07-01,0.816,0.7859999999999999
Spánn,2015-10-01,0.8170000000000001,0.7879999999999999
Spánn,2016-01-01,0.821,0.787
Spánn,2016-04-01,0.8190000000000001,0.79
Spánn,2016-07-01,0.8059999999999999,0.79
Spánn,2016-10-01,0.8029999999999999,0.7879999999999999
Spánn,2017-01-01,0.81,0.785
Spánn,2017-04-01,0.8059999999999999,0.787
Spánn,2017-07-01,0.804,0.787
Spánn,2017-10-01,0.812,0.7859999999999999
Spánn,2018-01-01,0.8009999999999999,0.784
Spánn,2018-04-01,0.8029999999999999,0.7879999999999999
Spánn,2018-07-01,0.7909999999999999,0.787
Spánn,2018-10-01,0.797,0.787
Spánn,2019-01-01,0.79,0.785
Spánn,2019-04-01,0.7979999999999999,0.789
Spánn,2019-07-01,0.7909999999999999,0.789
Spánn,2019-10-01,0.795,0.7909999999999999
Spánn,2020-01-01,0.7809999999999999,0.7859999999999999
Spánn,2020-04-01,0.725,0.755
Spánn,2020-07-01,0.779,0.78
Spánn,2020-10-01,0.789,0.7859999999999999
Spánn,2021-01-01,0.777,0.782
Spánn,2021-04-01,0.795,0.7909999999999999
Spánn,2021-07-01,0.79,0.8
Spánn,2021-10-01,0.7929999999999999,0.795
Spánn,2022-01-01,0.79,0.7929999999999999
Spánn,2022-04-01,0.789,0.797
Spánn,2022-07-01,0.785,0.799
Spánn,2022-10-01,0.7859999999999999,0.797
Spánn,2023-01-01,0.79,0.7979999999999999
Spánn,2023-04-01,0.787,0.804
Spánn,2023-07-01,0.797,0.8079999999999999
Frakkland,2011-01-01,0.685,0.7609999999999999
Frakkland,2011-04-01,0.682,0.762
Frakkland,2011-07-01,0.665,0.7609999999999999
Frakkland,2011-10-01,0.662,0.7659999999999999
Frakkland,2012-01-01,0.677,0.7659999999999999
Frakkland,2012-04-01,0.674,0.77
Frakkland,2012-07-01,0.664,0.77
Frakkland,2012-10-01,0.672,0.775
Frakkland,2013-01-01,0.6729999999999999,0.773
Frakkland,2013-04-01,0.682,0.775
Frakkland,2013-07-01,0.687,0.775
Frakkland,2013-10-01,0.7020000000000001,0.775
Frakkland,2014-01-01,0.695,0.774
Frakkland,2014-04-01,0.6890000000000001,0.774
Frakkland,2014-07-01,0.6729999999999999,0.774
Frakkland,2014-10-01,0.6779999999999999,0.779
Frakkland,2015-01-01,0.675,0.777
Frakkland,2015-04-01,0.677,0.7809999999999999
Frakkland,2015-07-01,0.6759999999999999,0.7809999999999999
Frakkland,2015-10-01,0.657,0.784
Frakkland,2016-01-01,0.6609999999999999,0.785
Frakkland,2016-04-01,0.667,0.7829999999999999
Frakkland,2016-07-01,0.674,0.782
Frakkland,2016-10-01,0.667,0.785
Frakkland,2017-01-01,0.659,0.7809999999999999
Frakkland,2017-04-01,0.67,0.787
Frakkland,2017-07-01,0.669,0.787
Frakkland,2017-10-01,0.675,0.789
Frakkland,2018-01-01,0.682,0.789
Frakkland,2018-04-01,0.69,0.789
Frakkland,2018-07-01,0.693,0.79
Frakkland,2018-10-01,0.6859999999999999,0.792
Frakkland,2019-01-01,0.675,0.7909999999999999
Frakkland,2019-04-01,0.684,0.7879999999999999
Frakkland,2019-07-01,0.674,0.7859999999999999
Frakkland,2019-10-01,0.6809999999999999,0.7929999999999999
Frakkland,2020-01-01,0.684,0.7879999999999999
Frakkland,2020-04-01,0.654,0.765
Frakkland,2020-07-01,0.685,0.7879999999999999
Frakkland,2020-10-01,0.6920000000000001,0.7879999999999999
Frakkland,2021-01-01,0.693,0.794
Frakkland,2021-04-01,0.691,0.8
Frakkland,2021-07-01,0.691,0.804
Frakkland,2021-10-01,0.705,0.8029999999999999
Frakkland,2022-01-01,0.6920000000000001,0.802
Frakkland,2022-04-01,0.69,0.804
Frakkland,2022-07-01,0.691,0.8079999999999999
Frakkland,2022-10-01,0.6990000000000001,0.807
Frakkland,2023-01-01,0.703,0.8059999999999999
Frakkland,2023-04-01,0.706,0.809
Frakkland,2023-07-01,0.6990000000000001,0.809
Ítalía,2011-01-01,0.753,0.6559999999999999
Ítalía,2011-04-01,0.754,0.655
Ítalía,2011-07-01,0.736,0.6509999999999999
Ítalía,2011-10-01,0.754,0.664
Ítalía,2012-01-01,0.753,0.67
Ítalía,2012-04-01,0.755,0.675
Ítalía,2012-07-01,0.736,0.6659999999999999
Ítalía,2012-10-01,0.752,0.677
Ítalía,2013-01-01,0.755,0.6729999999999999
Ítalía,2013-04-01,0.7490000000000001,0.67
Ítalía,2013-07-01,0.731,0.664
Ítalía,2013-10-01,0.745,0.6759999999999999
Ítalía,2014-01-01,0.752,0.6759999999999999
Ítalía,2014-04-01,0.746,0.674
Ítalía,2014-07-01,0.735,0.6729999999999999
Ítalía,2014-10-01,0.7440000000000001,0.6859999999999999
Ítalía,2015-01-01,0.742,0.677
Ítalía,2015-04-01,0.748,0.682
Ítalía,2015-07-01,0.731,0.675
Ítalía,2015-10-01,0.75,0.6829999999999999
Ítalía,2016-01-01,0.742,0.682
Ítalía,2016-04-01,0.7390000000000001,0.696
Ítalía,2016-07-01,0.741,0.688
Ítalía,2016-10-01,0.75,0.696
Ítalía,2017-01-01,0.746,0.6940000000000001
Ítalía,2017-04-01,0.748,0.696
Ítalía,2017-07-01,0.747,0.695
Ítalía,2017-10-01,0.7390000000000001,0.6990000000000001
Ítalía,2018-01-01,0.742,0.696
Ítalía,2018-04-01,0.758,0.705
Ítalía,2018-07-01,0.745,0.6920000000000001
Ítalía,2018-10-01,0.7440000000000001,0.7
Ítalía,2019-01-01,0.74,0.6990000000000001
Ítalía,2019-04-01,0.755,0.703
Ítalía,2019-07-01,0.748,0.696
Ítalía,2019-10-01,0.738,0.7020000000000001
Ítalía,2020-01-01,0.7070000000000001,0.693
Ítalía,2020-04-01,0.66,0.6729999999999999
Ítalía,2020-07-01,0.715,0.69
Ítalía,2020-10-01,0.701,0.693
Ítalía,2021-01-01,0.693,0.674
Ítalía,2021-04-01,0.72,0.69
Ítalía,2021-07-01,0.718,0.696
Ítalía,2021-10-01,0.733,0.701
Ítalía,2022-01-01,0.7290000000000001,0.695
Ítalía,2022-04-01,0.7290000000000001,0.7040000000000001
Ítalía,2022-07-01,0.7240000000000001,0.6990000000000001
Ítalía,2022-10-01,0.7340000000000001,0.7070000000000001
Ítalía,2023-01-01,0.727,0.711
Ítalía,2023-04-01,0.731,0.716
Ítalía,2023-07-01,0.733,0.7120000000000001
Kýpur,2011-01-01,0.8109999999999999,0.8009999999999999
Kýpur,2011-04-01,0.826,0.797
Kýpur,2011-07-01,0.816,0.78
Kýpur,2011-10-01,0.8220000000000001,0.7829999999999999
Kýpur,2012-01-01,0.8170000000000001,0.782
Kýpur,2012-04-01,0.833,0.7859999999999999
Kýpur,2012-07-01,0.833,0.785
Kýpur,2012-10-01,0.8270000000000001,0.7909999999999999
Kýpur,2013-01-01,0.816,0.7959999999999999
Kýpur,2013-04-01,0.8009999999999999,0.7929999999999999
Kýpur,2013-07-01,0.825,0.792
Kýpur,2013-10-01,0.816,0.792
Kýpur,2014-01-01,0.8340000000000001,0.787
Kýpur,2014-04-01,0.825,0.797
Kýpur,2014-07-01,0.8240000000000001,0.805
Kýpur,2014-10-01,0.838,0.8079999999999999
Kýpur,2015-01-01,0.841,0.809
Kýpur,2015-04-01,0.83,0.7979999999999999
Kýpur,2015-07-01,0.813,0.787
Kýpur,2015-10-01,0.805,0.777
Kýpur,2016-01-01,0.77,0.777
Kýpur,2016-04-01,0.8009999999999999,0.7909999999999999
Kýpur,2016-07-01,0.802,0.7929999999999999
Kýpur,2016-10-01,0.7859999999999999,0.7979999999999999
Kýpur,2017-01-01,0.8,0.7909999999999999
Kýpur,2017-04-01,0.7929999999999999,0.7959999999999999
Kýpur,2017-07-01,0.789,0.8009999999999999
Kýpur,2017-10-01,0.765,0.805
Kýpur,2018-01-01,0.755,0.8140000000000001
Kýpur,2018-04-01,0.77,0.818
Kýpur,2018-07-01,0.769,0.8190000000000001
Kýpur,2018-10-01,0.7829999999999999,0.8109999999999999
Kýpur,2019-01-01,0.79,0.823
Kýpur,2019-04-01,0.8029999999999999,0.8220000000000001
Kýpur,2019-07-01,0.807,0.813
Kýpur,2019-10-01,0.7909999999999999,0.818
Kýpur,2020-01-01,0.789,0.818
Kýpur,2020-04-01,0.799,0.81
Kýpur,2020-07-01,0.805,0.8140000000000001
Kýpur,2020-10-01,0.818,0.813
Kýpur,2021-01-01,0.795,0.807
Kýpur,2021-04-01,0.8220000000000001,0.82
Kýpur,2021-07-01,0.826,0.8270000000000001
Kýpur,2021-10-01,0.825,0.8270000000000001
Kýpur,2022-01-01,0.833,0.825
Kýpur,2022-04-01,0.848,0.831
Kýpur,2022-07-01,0.841,0.838
Kýpur,2022-10-01,0.8270000000000001,0.843
Kýpur,2023-01-01,0.8370000000000001,0.846
Kýpur,2023-04-01,0.8440000000000001,0.8420000000000001
Kýpur,2023-07-01,0.846,0.84
Lettland,2011-01-01,0.7509999999999999,0.79
Lettland,2011-04-01,0.775,0.799
Lettland,2011-07-01,0.764,0.795
Lettland,2011-10-01,0.757,0.802
Lettland,2012-01-01,0.742,0.8
Lettland,2012-04-01,0.76,0.81
Lettland,2012-07-01,0.785,0.807
Lettland,2012-10-01,0.787,0.809
Lettland,2013-01-01,0.77,0.7959999999999999
Lettland,2013-04-01,0.7120000000000001,0.795
Lettland,2013-07-01,0.737,0.809
Lettland,2013-10-01,0.7070000000000001,0.804
Lettland,2014-01-01,0.7490000000000001,0.809
Lettland,2014-04-01,0.7609999999999999,0.8009999999999999
Lettland,2014-07-01,0.736,0.8
Lettland,2014-10-01,0.7040000000000001,0.8029999999999999
Lettland,2015-01-01,0.72,0.809
Lettland,2015-04-01,0.747,0.8140000000000001
Lettland,2015-07-01,0.747,0.818
Lettland,2015-10-01,0.746,0.8220000000000001
Lettland,2016-01-01,0.716,0.8270000000000001
Lettland,2016-04-01,0.72,0.8290000000000001
Lettland,2016-07-01,0.762,0.82
Lettland,2016-10-01,0.7390000000000001,0.823
Lettland,2017-01-01,0.733,0.823
Lettland,2017-04-01,0.71,0.831
Lettland,2017-07-01,0.757,0.836
Lettland,2017-10-01,0.764,0.838
Lettland,2018-01-01,0.725,0.8440000000000001
Lettland,2018-04-01,0.745,0.847
Lettland,2018-07-01,0.773,0.8440000000000001
Lettland,2018-10-01,0.76,0.841
Lettland,2019-01-01,0.759,0.833
Lettland,2019-04-01,0.743,0.835
Lettland,2019-07-01,0.738,0.843
Lettland,2019-10-01,0.754,0.8390000000000001
Lettland,2020-01-01,0.7879999999999999,0.846
Lettland,2020-04-01,0.8009999999999999,0.848
Lettland,2020-07-01,0.7809999999999999,0.8490000000000001
Lettland,2020-10-01,0.77,0.847
Lettland,2021-01-01,0.735,0.8190000000000001
Lettland,2021-04-01,0.74,0.826
Lettland,2021-07-01,0.778,0.8290000000000001
Lettland,2021-10-01,0.762,0.825
Lettland,2022-01-01,0.7759999999999999,0.828
Lettland,2022-04-01,0.77,0.833
Lettland,2022-07-01,0.79,0.838
Lettland,2022-10-01,0.764,0.836
Lettland,2023-01-01,0.763,0.83
Lettland,2023-04-01,0.8,0.835
Lettland,2023-07-01,0.777,0.8440000000000001
Litáen,2011-01-01,0.721,0.7909999999999999
Litáen,2011-04-01,0.5710000000000001,0.795
Litáen,2011-07-01,0.535,0.795
Litáen,2011-10-01,0.7809999999999999,0.787
Litáen,2012-01-01,0.833,0.7859999999999999
Litáen,2012-04-01,0.8640000000000001,0.7929999999999999
Litáen,2012-07-01,0.733,0.7959999999999999
Litáen,2012-10-01,0.825,0.79
Litáen,2013-01-01,0.8440000000000001,0.79
Litáen,2013-04-01,0.7859999999999999,0.7929999999999999
Litáen,2013-07-01,0.768,0.7929999999999999
Litáen,2013-10-01,0.848,0.795
Litáen,2014-01-01,0.8220000000000001,0.804
Litáen,2014-04-01,0.7909999999999999,0.804
Litáen,2014-07-01,0.861,0.8079999999999999
Litáen,2014-10-01,0.8170000000000001,0.804
Litáen,2015-01-01,0.733,0.8029999999999999
Litáen,2015-04-01,0.6579999999999999,0.81
Litáen,2015-07-01,0.769,0.809
Litáen,2015-10-01,0.8220000000000001,0.812
Litáen,2016-01-01,0.755,0.8109999999999999
Litáen,2016-04-01,0.79,0.821
Litáen,2016-07-01,0.78,0.82
Litáen,2016-10-01,0.631,0.818
Litáen,2017-01-01,0.629,0.816
Litáen,2017-04-01,0.8390000000000001,0.821
Litáen,2017-07-01,0.888,0.8170000000000001
Litáen,2017-10-01,0.731,0.823
Litáen,2018-01-01,0.731,0.821
Litáen,2018-04-01,0.795,0.826
Litáen,2018-07-01,0.861,0.841
Litáen,2018-10-01,0.871,0.833
Litáen,2019-01-01,0.8420000000000001,0.835
Litáen,2019-04-01,0.8440000000000001,0.8370000000000001
Litáen,2019-07-01,0.883,0.8320000000000001
Litáen,2019-10-01,0.845,0.8370000000000001
Litáen,2020-01-01,0.9129999999999999,0.8440000000000001
Litáen,2020-04-01,0.85,0.8370000000000001
Litáen,2020-07-01,0.7559999999999999,0.836
Litáen,2020-10-01,0.846,0.8420000000000001
Litáen,2021-01-01,0.807,0.828
Litáen,2021-04-01,0.804,0.8340000000000001
Litáen,2021-07-01,0.784,0.84
Litáen,2021-10-01,0.855,0.84
Litáen,2022-01-01,0.8859999999999999,0.83
Litáen,2022-04-01,0.9009999999999999,0.841
Litáen,2022-07-01,0.8490000000000001,0.855
Litáen,2022-10-01,0.818,0.838
Litáen,2023-01-01,0.852,0.835
Litáen,2023-04-01,0.8370000000000001,0.8440000000000001
Litáen,2023-07-01,0.851,0.847
Ungverjaland,2011-01-01,0.665,0.6709999999999999
Ungverjaland,2011-04-01,0.66,0.6779999999999999
Ungverjaland,2011-07-01,0.6779999999999999,0.6829999999999999
Ungverjaland,2011-10-01,0.677,0.682
Ungverjaland,2012-01-01,0.6609999999999999,0.682
Ungverjaland,2012-04-01,0.7290000000000001,0.69
Ungverjaland,2012-07-01,0.732,0.698
Ungverjaland,2012-10-01,0.757,0.696
Ungverjaland,2013-01-01,0.759,0.688
Ungverjaland,2013-04-01,0.706,0.698
Ungverjaland,2013-07-01,0.741,0.705
Ungverjaland,2013-10-01,0.745,0.706
Ungverjaland,2014-01-01,0.774,0.713
Ungverjaland,2014-04-01,0.775,0.72
Ungverjaland,2014-07-01,0.77,0.728
Ungverjaland,2014-10-01,0.79,0.726
Ungverjaland,2015-01-01,0.753,0.7290000000000001
Ungverjaland,2015-04-01,0.764,0.736
Ungverjaland,2015-07-01,0.7509999999999999,0.7440000000000001
Ungverjaland,2015-10-01,0.6990000000000001,0.742
Ungverjaland,2016-01-01,0.723,0.7440000000000001
Ungverjaland,2016-04-01,0.7290000000000001,0.752
Ungverjaland,2016-07-01,0.674,0.758
Ungverjaland,2016-10-01,0.721,0.759
Ungverjaland,2017-01-01,0.7070000000000001,0.755
Ungverjaland,2017-04-01,0.6709999999999999,0.764
Ungverjaland,2017-07-01,0.603,0.769
Ungverjaland,2017-10-01,0.5479999999999999,0.769
Ungverjaland,2018-01-01,0.61,0.768
Ungverjaland,2018-04-01,0.631,0.772
Ungverjaland,2018-07-01,0.649,0.7759999999999999
Ungverjaland,2018-10-01,0.7170000000000001,0.774
Ungverjaland,2019-01-01,0.777,0.777
Ungverjaland,2019-04-01,0.691,0.778
Ungverjaland,2019-07-01,0.755,0.7809999999999999
Ungverjaland,2019-10-01,0.7659999999999999,0.7809999999999999
Ungverjaland,2020-01-01,0.784,0.777
Ungverjaland,2020-04-01,0.74,0.7759999999999999
Ungverjaland,2020-07-01,0.727,0.789
Ungverjaland,2020-10-01,0.7440000000000001,0.789
Ungverjaland,2021-01-01,0.804,0.809
Ungverjaland,2021-04-01,0.7609999999999999,0.818
Ungverjaland,2021-07-01,0.721,0.8240000000000001
Ungverjaland,2021-10-01,0.816,0.8290000000000001
Ungverjaland,2022-01-01,0.818,0.828
Ungverjaland,2022-04-01,0.8079999999999999,0.828
Ungverjaland,2022-07-01,0.731,0.835
Ungverjaland,2022-10-01,0.754,0.836
Ungverjaland,2023-01-01,0.736,0.8370000000000001
Ungverjaland,2023-04-01,0.6829999999999999,0.841
Ungverjaland,2023-07-01,0.657,0.843
Malta,2011-01-01,0.653,0.653
Malta,2011-04-01,0.66,0.652
Malta,2011-07-01,0.662,0.654
Malta,2011-10-01,0.647,0.653
Malta,2012-01-01,0.779,0.657
Malta,2012-04-01,0.809,0.6629999999999999
Malta,2012-07-01,0.858,0.672
Malta,2012-10-01,0.8909999999999999,0.672
Malta,2013-01-01,0.8059999999999999,0.679
Malta,2013-04-01,0.833,0.684
Malta,2013-07-01,0.833,0.696
Malta,2013-10-01,0.8490000000000001,0.7
Malta,2014-01-01,0.84,0.698
Malta,2014-04-01,0.816,0.706
Malta,2014-07-01,0.775,0.716
Malta,2014-10-01,0.745,0.7040000000000001
Malta,2015-01-01,0.7759999999999999,0.7070000000000001
Malta,2015-04-01,0.764,0.723
Malta,2015-07-01,0.74,0.731
Malta,2015-10-01,0.745,0.721
Malta,2016-01-01,0.752,0.725
Malta,2016-04-01,0.797,0.733
Malta,2016-07-01,0.802,0.743
Malta,2016-10-01,0.794,0.735
Malta,2017-01-01,0.816,0.731
Malta,2017-04-01,0.836,0.738
Malta,2017-07-01,0.821,0.753
Malta,2017-10-01,0.833,0.755
Malta,2018-01-01,0.84,0.7490000000000001
Malta,2018-04-01,0.858,0.7559999999999999
Malta,2018-07-01,0.828,0.782
Malta,2018-10-01,0.84,0.774
Malta,2019-01-01,0.851,0.778
Malta,2019-04-01,0.8420000000000001,0.78
Malta,2019-07-01,0.833,0.7759999999999999
Malta,2019-10-01,0.826,0.789
Malta,2020-01-01,0.873,0.7959999999999999
Malta,2020-04-01,0.843,0.784
Malta,2020-07-01,0.855,0.784
Malta,2020-10-01,0.878,0.7859999999999999
Malta,2021-01-01,0.87,0.785
Malta,2021-04-01,0.87,0.789
Malta,2021-07-01,0.8959999999999999,0.7909999999999999
Malta,2021-10-01,0.905,0.807
Malta,2022-01-01,0.903,0.802
Malta,2022-04-01,0.922,0.799
Malta,2022-07-01,0.875,0.8109999999999999
Malta,2022-10-01,0.903,0.8190000000000001
Malta,2023-01-01,0.9229999999999999,0.804
Malta,2023-04-01,0.97,0.7879999999999999
Malta,2023-07-01,0.9540000000000001,0.8140000000000001
Holland,2011-01-01,0.6890000000000001,0.8029999999999999
Holland,2011-04-01,0.6729999999999999,0.802
Holland,2011-07-01,0.679,0.804
Holland,2011-10-01,0.7140000000000001,0.81
Holland,2012-01-01,0.7090000000000001,0.812
Holland,2012-04-01,0.7070000000000001,0.812
Holland,2012-07-01,0.7190000000000001,0.813
Holland,2012-10-01,0.705,0.816
Holland,2013-01-01,0.703,0.818
Holland,2013-04-01,0.6970000000000001,0.8190000000000001
Holland,2013-07-01,0.706,0.8190000000000001
Holland,2013-10-01,0.722,0.818
Holland,2014-01-01,0.715,0.816
Holland,2014-04-01,0.7170000000000001,0.8140000000000001
Holland,2014-07-01,0.688,0.816
Holland,2014-10-01,0.7090000000000001,0.8190000000000001
Holland,2015-01-01,0.71,0.8220000000000001
Holland,2015-04-01,0.7120000000000001,0.8220000000000001
Holland,2015-07-01,0.684,0.821
Holland,2015-10-01,0.705,0.823
Holland,2016-01-01,0.698,0.8220000000000001
Holland,2016-04-01,0.695,0.8240000000000001
Holland,2016-07-01,0.706,0.8220000000000001
Holland,2016-10-01,0.7,0.823
Holland,2017-01-01,0.71,0.8240000000000001
Holland,2017-04-01,0.6940000000000001,0.8240000000000001
Holland,2017-07-01,0.701,0.823
Holland,2017-10-01,0.688,0.8240000000000001
Holland,2018-01-01,0.701,0.825
Holland,2018-04-01,0.7,0.826
Holland,2018-07-01,0.695,0.83
Holland,2018-10-01,0.711,0.8320000000000001
Holland,2019-01-01,0.727,0.833
Holland,2019-04-01,0.736,0.831
Holland,2019-07-01,0.731,0.8340000000000001
Holland,2019-10-01,0.7190000000000001,0.836
Holland,2020-01-01,0.7020000000000001,0.8370000000000001
Holland,2020-04-01,0.706,0.8320000000000001
Holland,2020-07-01,0.725,0.836
Holland,2020-10-01,0.7040000000000001,0.8390000000000001
Holland,2021-01-01,0.74,0.8540000000000001
Holland,2021-04-01,0.723,0.853
Holland,2021-07-01,0.733,0.856
Holland,2021-10-01,0.778,0.855
Holland,2022-01-01,0.774,0.855
Holland,2022-04-01,0.7829999999999999,0.857
Holland,2022-07-01,0.79,0.86
Holland,2022-10-01,0.794,0.8640000000000001
Holland,2023-01-01,0.7959999999999999,0.866
Holland,2023-04-01,0.8029999999999999,0.865
Holland,2023-07-01,0.785,0.868
Austurríki,2011-01-01,0.7,0.779
Austurríki,2011-04-01,0.722,0.785
Austurríki,2011-07-01,0.7170000000000001,0.787
Austurríki,2011-10-01,0.7340000000000001,0.7829999999999999
Austurríki,2012-01-01,0.715,0.778
Austurríki,2012-04-01,0.732,0.792
Austurríki,2012-07-01,0.735,0.7959999999999999
Austurríki,2012-10-01,0.7240000000000001,0.7909999999999999
Austurríki,2013-01-01,0.736,0.787
Austurríki,2013-04-01,0.73,0.797
Austurríki,2013-07-01,0.733,0.802
Austurríki,2013-10-01,0.726,0.7929999999999999
Austurríki,2014-01-01,0.725,0.7859999999999999
Austurríki,2014-04-01,0.748,0.795
Austurríki,2014-07-01,0.755,0.7959999999999999
Austurríki,2014-10-01,0.743,0.7909999999999999
Austurríki,2015-01-01,0.735,0.7859999999999999
Austurríki,2015-04-01,0.7490000000000001,0.794
Austurríki,2015-07-01,0.745,0.8009999999999999
Austurríki,2015-10-01,0.737,0.799
Austurríki,2016-01-01,0.7190000000000001,0.7979999999999999
Austurríki,2016-04-01,0.7440000000000001,0.807
Austurríki,2016-07-01,0.763,0.81
Austurríki,2016-10-01,0.7440000000000001,0.8029999999999999
Austurríki,2017-01-01,0.745,0.7979999999999999
Austurríki,2017-04-01,0.755,0.8079999999999999
Austurríki,2017-07-01,0.754,0.81
Austurríki,2017-10-01,0.757,0.8079999999999999
Austurríki,2018-01-01,0.765,0.799
Austurríki,2018-04-01,0.767,0.807
Austurríki,2018-07-01,0.773,0.812
Austurríki,2018-10-01,0.758,0.8079999999999999
Austurríki,2019-01-01,0.767,0.805
Austurríki,2019-04-01,0.7709999999999999,0.8109999999999999
Austurríki,2019-07-01,0.77,0.815
Austurríki,2019-10-01,0.7609999999999999,0.812
Austurríki,2020-01-01,0.7490000000000001,0.8009999999999999
Austurríki,2020-04-01,0.747,0.797
Austurríki,2020-07-01,0.7859999999999999,0.813
Austurríki,2020-10-01,0.774,0.809
Austurríki,2021-01-01,0.78,0.805
Austurríki,2021-04-01,0.779,0.805
Austurríki,2021-07-01,0.79,0.8140000000000001
Austurríki,2021-10-01,0.79,0.812
Austurríki,2022-01-01,0.792,0.813
Austurríki,2022-04-01,0.7959999999999999,0.813
Austurríki,2022-07-01,0.8,0.815
Austurríki,2022-10-01,0.789,0.813
Austurríki,2023-01-01,0.7859999999999999,0.812
Austurríki,2023-04-01,0.7859999999999999,0.8170000000000001
Austurríki,2023-07-01,0.794,0.823
Pólland,2011-01-01,0.6940000000000001,0.7090000000000001
Pólland,2011-04-01,0.799,0.713
Pólland,2011-07-01,0.768,0.715
Pólland,2011-10-01,0.72,0.715
Pólland,2012-01-01,0.672,0.713
Pólland,2012-04-01,0.7509999999999999,0.718
Pólland,2012-07-01,0.779,0.722
Pólland,2012-10-01,0.8220000000000001,0.721
Pólland,2013-01-01,0.773,0.716
Pólland,2013-04-01,0.7290000000000001,0.721
Pólland,2013-07-01,0.807,0.726
Pólland,2013-10-01,0.8059999999999999,0.726
Pólland,2014-01-01,0.873,0.727
Pólland,2014-04-01,0.8490000000000001,0.727
Pólland,2014-07-01,0.825,0.732
Pólland,2014-10-01,0.7,0.733
Pólland,2015-01-01,0.795,0.73
Pólland,2015-04-01,0.657,0.728
Pólland,2015-07-01,0.634,0.735
Pólland,2015-10-01,0.7490000000000001,0.736
Pólland,2016-01-01,0.718,0.735
Pólland,2016-04-01,0.6459999999999999,0.736
Pólland,2016-07-01,0.7240000000000001,0.74
Pólland,2016-10-01,0.7290000000000001,0.74
Pólland,2017-01-01,0.785,0.741
Pólland,2017-04-01,0.8290000000000001,0.747
Pólland,2017-07-01,0.8009999999999999,0.747
Pólland,2017-10-01,0.762,0.7440000000000001
Pólland,2018-01-01,0.8079999999999999,0.7440000000000001
Pólland,2018-04-01,0.8270000000000001,0.7509999999999999
Pólland,2018-07-01,0.833,0.7559999999999999
Pólland,2018-10-01,0.81,0.7490000000000001
Pólland,2019-01-01,0.799,0.7490000000000001
Pólland,2019-04-01,0.818,0.754
Pólland,2019-07-01,0.83,0.759
Pólland,2019-10-01,0.905,0.754
Pólland,2020-01-01,0.807,0.755
Pólland,2020-04-01,0.7609999999999999,0.7509999999999999
Pólland,2020-07-01,0.857,0.764
Pólland,2020-10-01,0.883,0.767
Pólland,2021-01-01,0.899,0.772
Pólland,2021-04-01,0.899,0.777
Pólland,2021-07-01,0.865,0.784
Pólland,2021-10-01,0.845,0.785
Pólland,2022-01-01,0.889,0.7859999999999999
Pólland,2022-04-01,0.893,0.787
Pólland,2022-07-01,0.836,0.787
Pólland,2022-10-01,0.833,0.795
Pólland,2023-01-01,0.8370000000000001,0.797
Pólland,2023-04-01,0.84,0.795
Pólland,2023-07-01,0.862,0.797
Portúgal,2011-01-01,0.867,0.789
Portúgal,2011-04-01,0.8859999999999999,0.79
Portúgal,2011-07-01,0.867,0.785
Portúgal,2011-10-01,0.848,0.782
Portúgal,2012-01-01,0.866,0.784
Portúgal,2012-04-01,0.846,0.7879999999999999
Portúgal,2012-07-01,0.867,0.7859999999999999
Portúgal,2012-10-01,0.843,0.7809999999999999
Portúgal,2013-01-01,0.84,0.779
Portúgal,2013-04-01,0.856,0.78
Portúgal,2013-07-01,0.8079999999999999,0.7809999999999999
Portúgal,2013-10-01,0.815,0.787
Portúgal,2014-01-01,0.815,0.785
Portúgal,2014-04-01,0.8220000000000001,0.787
Portúgal,2014-07-01,0.8420000000000001,0.785
Portúgal,2014-10-01,0.835,0.785
Portúgal,2015-01-01,0.797,0.7879999999999999
Portúgal,2015-04-01,0.8109999999999999,0.79
Portúgal,2015-07-01,0.8340000000000001,0.789
Portúgal,2015-10-01,0.8,0.7929999999999999
Portúgal,2016-01-01,0.825,0.7909999999999999
Portúgal,2016-04-01,0.8220000000000001,0.792
Portúgal,2016-07-01,0.8190000000000001,0.7979999999999999
Portúgal,2016-10-01,0.8270000000000001,0.7959999999999999
Portúgal,2017-01-01,0.845,0.7979999999999999
Portúgal,2017-04-01,0.8220000000000001,0.8029999999999999
Portúgal,2017-07-01,0.8140000000000001,0.8079999999999999
Portúgal,2017-10-01,0.8420000000000001,0.81
Portúgal,2018-01-01,0.8009999999999999,0.81
Portúgal,2018-04-01,0.802,0.81
Portúgal,2018-07-01,0.841,0.81
Portúgal,2018-10-01,0.841,0.81
Portúgal,2019-01-01,0.85,0.81
Portúgal,2019-04-01,0.8490000000000001,0.8109999999999999
Portúgal,2019-07-01,0.853,0.8140000000000001
Portúgal,2019-10-01,0.84,0.816
Portúgal,2020-01-01,0.848,0.8079999999999999
Portúgal,2020-04-01,0.804,0.777
Portúgal,2020-07-01,0.805,0.8059999999999999
Portúgal,2020-10-01,0.8490000000000001,0.8079999999999999
Portúgal,2021-01-01,0.8190000000000001,0.7929999999999999
Portúgal,2021-04-01,0.807,0.81
Portúgal,2021-07-01,0.841,0.813
Portúgal,2021-10-01,0.841,0.816
Portúgal,2022-01-01,0.84,0.8170000000000001
Portúgal,2022-04-01,0.856,0.815
Portúgal,2022-07-01,0.8540000000000001,0.8220000000000001
Portúgal,2022-10-01,0.867,0.825
Portúgal,2023-01-01,0.8740000000000001,0.83
Portúgal,2023-04-01,0.848,0.8340000000000001
Portúgal,2023-07-01,0.848,0.836
Slóvenía,2011-01-01,0.773,0.741
Slóvenía,2011-04-01,0.8009999999999999,0.742
Slóvenía,2011-07-01,0.73,0.7440000000000001
Slóvenía,2011-10-01,0.735,0.752
Slóvenía,2012-01-01,0.777,0.746
Slóvenía,2012-04-01,0.772,0.742
Slóvenía,2012-07-01,0.767,0.7509999999999999
Slóvenía,2012-10-01,0.7559999999999999,0.757
Slóvenía,2013-01-01,0.757,0.747
Slóvenía,2013-04-01,0.795,0.7490000000000001
Slóvenía,2013-07-01,0.8220000000000001,0.7509999999999999
Slóvenía,2013-10-01,0.8009999999999999,0.742
Slóvenía,2014-01-01,0.748,0.745
Slóvenía,2014-04-01,0.73,0.7559999999999999
Slóvenía,2014-07-01,0.696,0.755
Slóvenía,2014-10-01,0.687,0.753
Slóvenía,2015-01-01,0.759,0.748
Slóvenía,2015-04-01,0.8190000000000001,0.763
Slóvenía,2015-07-01,0.855,0.765
Slóvenía,2015-10-01,0.836,0.753
Slóvenía,2016-01-01,0.823,0.746
Slóvenía,2016-04-01,0.797,0.764
Slóvenía,2016-07-01,0.81,0.758
Slóvenía,2016-10-01,0.804,0.7709999999999999
Slóvenía,2017-01-01,0.815,0.774
Slóvenía,2017-04-01,0.763,0.785
Slóvenía,2017-07-01,0.8140000000000001,0.789
Slóvenía,2017-10-01,0.821,0.792
Slóvenía,2018-01-01,0.797,0.787
Slóvenía,2018-04-01,0.799,0.7959999999999999
Slóvenía,2018-07-01,0.802,0.7979999999999999
Slóvenía,2018-10-01,0.794,0.8
Slóvenía,2019-01-01,0.7559999999999999,0.799
Slóvenía,2019-04-01,0.805,0.805
Slóvenía,2019-07-01,0.792,0.8029999999999999
Slóvenía,2019-10-01,0.8190000000000001,0.792
Slóvenía,2020-01-01,0.812,0.7979999999999999
Slóvenía,2020-04-01,0.82,0.7879999999999999
Slóvenía,2020-07-01,0.83,0.792
Slóvenía,2020-10-01,0.8190000000000001,0.797
Slóvenía,2021-01-01,0.738,0.774
Slóvenía,2021-04-01,0.804,0.802
Slóvenía,2021-07-01,0.8320000000000001,0.809
Slóvenía,2021-10-01,0.818,0.8059999999999999
Slóvenía,2022-01-01,0.784,0.809
Slóvenía,2022-04-01,0.813,0.813
Slóvenía,2022-07-01,0.838,0.8109999999999999
Slóvenía,2022-10-01,0.8270000000000001,0.8079999999999999
Slóvenía,2023-01-01,0.795,0.7909999999999999
Slóvenía,2023-04-01,0.823,0.8059999999999999
Slóvenía,2023-07-01,0.853,0.7979999999999999
Finnland,2011-01-01,0.687,0.7879999999999999
Finnland,2011-04-01,0.7020000000000001,0.805
Finnland,2011-07-01,0.716,0.8009999999999999
Finnland,2011-10-01,0.725,0.7909999999999999
Finnland,2012-01-01,0.711,0.79
Finnland,2012-04-01,0.741,0.805
Finnland,2012-07-01,0.741,0.805
Finnland,2012-10-01,0.735,0.7879999999999999
Finnland,2013-01-01,0.7170000000000001,0.789
Finnland,2013-04-01,0.752,0.8059999999999999
Finnland,2013-07-01,0.7190000000000001,0.799
Finnland,2013-10-01,0.701,0.787
Finnland,2014-01-01,0.6920000000000001,0.79
Finnland,2014-04-01,0.747,0.809
Finnland,2014-07-01,0.7090000000000001,0.8009999999999999
Finnland,2014-10-01,0.711,0.7909999999999999
Finnland,2015-01-01,0.708,0.794
Finnland,2015-04-01,0.6990000000000001,0.8109999999999999
Finnland,2015-07-01,0.6970000000000001,0.8109999999999999
Finnland,2015-10-01,0.711,0.7959999999999999
Finnland,2016-01-01,0.7040000000000001,0.7979999999999999
Finnland,2016-04-01,0.7240000000000001,0.812
Finnland,2016-07-01,0.6990000000000001,0.8079999999999999
Finnland,2016-10-01,0.6779999999999999,0.797
Finnland,2017-01-01,0.6859999999999999,0.8
Finnland,2017-04-01,0.711,0.821
Finnland,2017-07-01,0.7120000000000001,0.813
Finnland,2017-10-01,0.737,0.812
Finnland,2018-01-01,0.7240000000000001,0.8170000000000001
Finnland,2018-04-01,0.728,0.831
Finnland,2018-07-01,0.721,0.8290000000000001
Finnland,2018-10-01,0.6970000000000001,0.8190000000000001
Finnland,2019-01-01,0.721,0.8170000000000001
Finnland,2019-04-01,0.706,0.833
Finnland,2019-07-01,0.696,0.8340000000000001
Finnland,2019-10-01,0.7070000000000001,0.825
Finnland,2020-01-01,0.725,0.825
Finnland,2020-04-01,0.7170000000000001,0.8240000000000001
Finnland,2020-07-01,0.74,0.8340000000000001
Finnland,2020-10-01,0.777,0.8270000000000001
Finnland,2021-01-01,0.73,0.818
Finnland,2021-04-01,0.768,0.843
Finnland,2021-07-01,0.757,0.8370000000000001
Finnland,2021-10-01,0.7959999999999999,0.828
Finnland,2022-01-01,0.774,0.831
Finnland,2022-04-01,0.809,0.846
Finnland,2022-07-01,0.8170000000000001,0.8440000000000001
Finnland,2022-10-01,0.821,0.836
Finnland,2023-01-01,0.782,0.835
Finnland,2023-04-01,0.8140000000000001,0.853
Finnland,2023-07-01,0.8079999999999999,0.8440000000000001
Svíþjóð,2011-01-01,0.737,0.853
Svíþjóð,2011-04-01,0.7440000000000001,0.866
Svíþjóð,2011-07-01,0.733,0.866
Svíþjóð,2011-10-01,0.737,0.857
Svíþjóð,2012-01-01,0.7290000000000001,0.855
Svíþjóð,2012-04-01,0.75,0.868
Svíþjóð,2012-07-01,0.743,0.8690000000000001
Svíþjóð,2012-10-01,0.743,0.86
Svíþjóð,2013-01-01,0.743,0.862
Svíþjóð,2013-04-01,0.772,0.871
Svíþjóð,2013-07-01,0.773,0.872
Svíþjóð,2013-10-01,0.768,0.862
Svíþjóð,2014-01-01,0.76,0.862
Svíþjóð,2014-04-01,0.779,0.872
Svíþjóð,2014-07-01,0.779,0.875
Svíþjóð,2014-10-01,0.7709999999999999,0.862
Svíþjóð,2015-01-01,0.764,0.8640000000000001
Svíþjóð,2015-04-01,0.777,0.875
Svíþjóð,2015-07-01,0.767,0.8740000000000001
Svíþjóð,2015-10-01,0.78,0.867
Svíþjóð,2016-01-01,0.763,0.867
Svíþjóð,2016-04-01,0.785,0.879
Svíþjóð,2016-07-01,0.778,0.8809999999999999
Svíþjóð,2016-10-01,0.777,0.871
Svíþjóð,2017-01-01,0.7859999999999999,0.872
Svíþjóð,2017-04-01,0.792,0.884
Svíþjóð,2017-07-01,0.797,0.885
Svíþjóð,2017-10-01,0.78,0.8740000000000001
Svíþjóð,2018-01-01,0.7659999999999999,0.877
Svíþjóð,2018-04-01,0.7979999999999999,0.89
Svíþjóð,2018-07-01,0.765,0.889
Svíþjóð,2018-10-01,0.772,0.878
Svíþjóð,2019-01-01,0.765,0.88
Svíþjóð,2019-04-01,0.795,0.8859999999999999
Svíþjóð,2019-07-01,0.779,0.892
Svíþjóð,2019-10-01,0.772,0.88
Svíþjóð,2020-01-01,0.782,0.8759999999999999
Svíþjóð,2020-04-01,0.7759999999999999,0.8859999999999999
Svíþjóð,2020-07-01,0.7979999999999999,0.89
Svíþjóð,2020-10-01,0.794,0.882
Svíþjóð,2021-01-01,0.785,0.8740000000000001
Svíþjóð,2021-04-01,0.81,0.892
Svíþjóð,2021-07-01,0.8240000000000001,0.8909999999999999
Svíþjóð,2021-10-01,0.8109999999999999,0.8759999999999999
Svíþjóð,2022-01-01,0.812,0.877
Svíþjóð,2022-04-01,0.8420000000000001,0.89
Svíþjóð,2022-07-01,0.831,0.887
Svíþjóð,2022-10-01,0.8240000000000001,0.877
Svíþjóð,2023-01-01,0.85,0.878
Svíþjóð,2023-04-01,0.8640000000000001,0.892
Svíþjóð,2023-07-01,0.8740000000000001,0.894
Ísland,2011-01-01,0.9159999999999999,0.857
Ísland,2011-04-01,0.889,0.8759999999999999
Ísland,2011-07-01,0.873,0.8590000000000001
Ísland,2011-10-01,0.885,0.847
Ísland,2012-01-01,0.912,0.85
Ísland,2012-04-01,0.925,0.875
Ísland,2012-07-01,0.871,0.868
Ísland,2012-10-01,0.91,0.852
Ísland,2013-01-01,0.9209999999999999,0.845
Ísland,2013-04-01,0.904,0.882
Ísland,2013-07-01,0.914,0.878
Ísland,2013-10-01,0.938,0.8590000000000001
Ísland,2014-01-01,0.94,0.865
Ísland,2014-04-01,0.935,0.905
Ísland,2014-07-01,0.919,0.89
Ísland,2014-10-01,0.9390000000000001,0.88
Ísland,2015-01-01,0.92,0.885
Ísland,2015-04-01,0.9,0.912
Ísland,2015-07-01,0.9109999999999999,0.9
Ísland,2015-10-01,0.889,0.8859999999999999
Ísland,2016-01-01,0.927,0.889
Ísland,2016-04-01,0.943,0.91
Ísland,2016-07-01,0.915,0.9109999999999999
Ísland,2016-10-01,0.9259999999999999,0.8959999999999999
Ísland,2017-01-01,0.958,0.892
Ísland,2017-04-01,0.9420000000000001,0.9109999999999999
Ísland,2017-07-01,0.932,0.889
Ísland,2017-10-01,0.961,0.883
Ísland,2018-01-01,0.934,0.877
Ísland,2018-04-01,0.912,0.889
Ísland,2018-07-01,0.935,0.887
Ísland,2018-10-01,0.9309999999999999,0.878
Ísland,2019-01-01,0.934,0.8809999999999999
Ísland,2019-04-01,0.905,0.902
Ísland,2019-07-01,0.919,0.88
Ísland,2019-10-01,0.938,0.875
Ísland,2020-01-01,0.847,0.866
Ísland,2020-04-01,0.86,0.867
Ísland,2020-07-01,0.932,0.889
Ísland,2020-10-01,0.9129999999999999,0.8420000000000001
Ísland,2021-01-01,0.8740000000000001,0.8440000000000001
Ísland,2021-04-01,0.898,0.868
Ísland,2021-07-01,0.894,0.871
Ísland,2021-10-01,0.899,0.86
Ísland,2022-01-01,0.948,0.865
Ísland,2022-04-01,0.9259999999999999,0.8809999999999999
Ísland,2022-07-01,0.909,0.8690000000000001
Ísland,2022-10-01,0.935,0.87
Ísland,2023-01-01,0.884,0.87
Ísland,2023-04-01,0.888,0.892
Ísland,2023-07-01,0.93,0.8759999999999999
Noregur,2011-01-01,0.799,0.816
Noregur,2011-04-01,0.8220000000000001,0.8220000000000001
Noregur,2011-07-01,0.831,0.823
Noregur,2011-10-01,0.823,0.82
Noregur,2012-01-01,0.813,0.821
Noregur,2012-04-01,0.8240000000000001,0.826
Noregur,2012-07-01,0.8140000000000001,0.825
Noregur,2012-10-01,0.816,0.8190000000000001
Noregur,2013-01-01,0.809,0.818
Noregur,2013-04-01,0.8170000000000001,0.825
Noregur,2013-07-01,0.8320000000000001,0.8240000000000001
Noregur,2013-10-01,0.82,0.8190000000000001
Noregur,2014-01-01,0.815,0.818
Noregur,2014-04-01,0.818,0.826
Noregur,2014-07-01,0.818,0.8270000000000001
Noregur,2014-10-01,0.8290000000000001,0.821
Noregur,2015-01-01,0.8270000000000001,0.82
Noregur,2015-04-01,0.8170000000000001,0.828
Noregur,2015-07-01,0.83,0.828
Noregur,2015-10-01,0.8370000000000001,0.8170000000000001
Noregur,2016-01-01,0.8270000000000001,0.821
Noregur,2016-04-01,0.82,0.823
Noregur,2016-07-01,0.831,0.825
Noregur,2016-10-01,0.82,0.8140000000000001
Noregur,2017-01-01,0.795,0.8140000000000001
Noregur,2017-04-01,0.797,0.818
Noregur,2017-07-01,0.8109999999999999,0.816
Noregur,2017-10-01,0.789,0.812
Noregur,2018-01-01,0.789,0.82
Noregur,2018-04-01,0.804,0.826
Noregur,2018-07-01,0.8140000000000001,0.8270000000000001
Noregur,2018-10-01,0.805,0.82
Noregur,2019-01-01,0.7959999999999999,0.82
Noregur,2019-04-01,0.8009999999999999,0.8240000000000001
Noregur,2019-07-01,0.828,0.83
Noregur,2019-10-01,0.8079999999999999,0.8220000000000001
Noregur,2020-01-01,0.7879999999999999,0.825
Noregur,2020-04-01,0.7829999999999999,0.8240000000000001
Noregur,2020-07-01,0.8059999999999999,0.826
Noregur,2020-10-01,0.8320000000000001,0.821
Noregur,2021-01-01,0.815,0.82
Noregur,2021-04-01,0.83,0.835
Noregur,2021-07-01,0.8290000000000001,0.838
Noregur,2021-10-01,0.8290000000000001,0.8320000000000001
Noregur,2022-01-01,0.8290000000000001,0.831
Noregur,2022-04-01,0.84,0.8370000000000001
Noregur,2022-07-01,0.8320000000000001,0.8340000000000001
Noregur,2022-10-01,0.816,0.823
Noregur,2023-01-01,0.809,0.825
Noregur,2023-04-01,0.821,0.831
Noregur,2023-07-01,0.809,0.836
Sviss,2011-01-01,0.8220000000000001,0.85
Sviss,2011-04-01,0.8240000000000001,0.85
Sviss,2011-07-01,0.8220000000000001,0.85
Sviss,2011-10-01,0.831,0.851
Sviss,2012-01-01,0.828,0.85
Sviss,2012-04-01,0.831,0.8540000000000001
Sviss,2012-07-01,0.8340000000000001,0.857
Sviss,2012-10-01,0.8370000000000001,0.851
Sviss,2013-01-01,0.8290000000000001,0.855
Sviss,2013-04-01,0.8320000000000001,0.853
Sviss,2013-07-01,0.843,0.848
Sviss,2013-10-01,0.836,0.852
Sviss,2014-01-01,0.833,0.853
Sviss,2014-04-01,0.843,0.856
Sviss,2014-07-01,0.835,0.858
Sviss,2014-10-01,0.8420000000000001,0.863
Sviss,2015-01-01,0.836,0.863
Sviss,2015-04-01,0.8420000000000001,0.861
Sviss,2015-07-01,0.8390000000000001,0.86
Sviss,2015-10-01,0.848,0.867
Sviss,2016-01-01,0.852,0.87
Sviss,2016-04-01,0.8440000000000001,0.867
Sviss,2016-07-01,0.84,0.867
Sviss,2016-10-01,0.848,0.8690000000000001
Sviss,2017-01-01,0.847,0.8690000000000001
Sviss,2017-04-01,0.845,0.8690000000000001
Sviss,2017-07-01,0.847,0.867
Sviss,2017-10-01,0.843,0.871
Sviss,2018-01-01,0.847,0.872
Sviss,2018-04-01,0.855,0.871
Sviss,2018-07-01,0.85,0.867
Sviss,2018-10-01,0.86,0.871
Sviss,2019-01-01,0.858,0.873
Sviss,2019-04-01,0.863,0.87
Sviss,2019-07-01,0.8540000000000001,0.8690000000000001
Sviss,2019-10-01,0.853,0.87
Sviss,2020-01-01,0.858,0.872
Sviss,2020-04-01,0.848,0.863
Sviss,2020-07-01,0.856,0.87
Sviss,2020-10-01,0.86,0.875
Sviss,2021-01-01,0.8440000000000001,0.871
Sviss,2021-04-01,0.831,0.866
Sviss,2021-07-01,0.84,0.87
Sviss,2021-10-01,0.847,0.873
Sviss,2022-01-01,0.833,0.868
Sviss,2022-04-01,0.8240000000000001,0.868
Sviss,2022-07-01,0.828,0.861
Sviss,2022-10-01,0.8340000000000001,0.8640000000000001
Sviss,2023-01-01,0.8370000000000001,0.87
Sviss,2023-04-01,0.841,0.8759999999999999
Sviss,2023-07-01,0.846,0.8690000000000001
Bretland,2011-01-01,0.765,0.7929999999999999
Bretland,2011-04-01,0.765,0.7929999999999999
Bretland,2011-07-01,0.772,0.795
Bretland,2011-10-01,0.7609999999999999,0.795
Bretland,2012-01-01,0.755,0.7959999999999999
Bretland,2012-04-01,0.757,0.7979999999999999
Bretland,2012-07-01,0.773,0.802
Bretland,2012-10-01,0.769,0.804
Bretland,2013-01-01,0.768,0.802
Bretland,2013-04-01,0.7659999999999999,0.804
Bretland,2013-07-01,0.777,0.8079999999999999
Bretland,2013-10-01,0.773,0.807
Bretland,2014-01-01,0.779,0.807
Bretland,2014-04-01,0.782,0.8079999999999999
Bretland,2014-07-01,0.777,0.8109999999999999
Bretland,2014-10-01,0.767,0.8079999999999999
Bretland,2015-01-01,0.777,0.807
Bretland,2015-04-01,0.79,0.8059999999999999
Bretland,2015-07-01,0.799,0.81
Bretland,2015-10-01,0.79,0.81
Bretland,2016-01-01,0.782,0.8109999999999999
Bretland,2016-04-01,0.79,0.813
Bretland,2016-07-01,0.795,0.815
Bretland,2016-10-01,0.794,0.812
Bretland,2017-01-01,0.7909999999999999,0.813
Bretland,2017-04-01,0.797,0.815
Bretland,2017-07-01,0.8079999999999999,0.815
Bretland,2017-10-01,0.807,0.815
Bretland,2018-01-01,0.8059999999999999,0.818
Bretland,2018-04-01,0.802,0.816
Bretland,2018-07-01,0.8059999999999999,0.8190000000000001
Bretland,2018-10-01,0.82,0.818
Bretland,2019-01-01,0.82,0.8190000000000001
Bretland,2019-04-01,0.8170000000000001,0.82
Bretland,2019-07-01,0.823,0.821
Bretland,2019-10-01,0.8190000000000001,0.823
Bretland,2020-01-01,0.828,0.8220000000000001
Bretland,2020-04-01,0.821,0.816
Bretland,2020-07-01,0.84,0.82
